id,title,description,product_id,slug,api,ilsac,acea,jaso,oem_sertification,recommendations,pds_url,sds_url,created_at,oil_type_id,product_group_id,viscosity_id,image,application,features_benefits
28,Aminol™  Hydraulic HVLP 15,"Aminol™ HVLP 68 is a high-performance anti-wear hydraulic oil derived from premium quality raffinates. Engineered to deliver exceptional protection and performance, it excels in various applications, including most mobile equipment, operating efficiently across a wide range of ambient temperatures.",AL/HF-0021,aminoltm-hydraulic-hvlp-15,Not available,Not available,Not available,Not available,"DIN 51524-3 (HV)
ISO 11158 (HV)
ASTM D6158 (HV)
Eaton E-FDGN-TB002-E
JCMAS P041 HK
AIST 126/127
SAE MS 1004
GM LS 2",Not available,,,2025-05-24 08:24:59.751+00,,13,,"","Industrial and mobile equipment hydraulic systems operating at high pressures and temperatures in critical applications
Systems where cold start-up and high operating temperatures are typical
Systems requiring a high degree of load-carrying capability and anti-wear protection
Machines employing a wide range of components using various metallurgy","Exceptional thermal and oxidation stability
Superior wear resistance
Enhanced corrosion protection
Excellent anti-foam properties
Ultra clean performance"
260,Aminol™ ScootForce 4T 10W-30,Aminol™ ScootForce 4T 10W-30 is an advanced motor oil designed for 4-stroke scooters featuring a dry clutch and separately lubricated transmission. It has been engineered to deliver exceptional performance and protection across various operating conditions.,AE/ML-0008,aminoltm-scootforce-4t-10w-30,SN,Not available,Not available,MB,Not available,Not available,,,2025-05-24 08:25:01.783+00,,3,7,product/SCOOTFORCE_4T_10W301.png,Aminol™ ScootForce 4T 10W-30 is recommended for use in air and water-cooled 4-stroke engines exposed to normal to tough operating conditions.,"Outstanding thermo-oxidative stability
Exceptional anti-wear, anti-rust, and anti-corrosion properties
Superb fuel economy and improved drivability
Impressive dispersancy and detergency
Superior shear stability
Remarkable low-temperature behavior
Low-volatility characteristics"
86,Aminol™ GearSynth 680,"Aminol™ GearSynth 680 is a fully synthetic, premium-performance, extreme-pressure lubricant specifically designed for enclosed industrial gears and bearings that operate under severe load conditions and extreme temperatures. Formulated using synthetic PAO base oils and selected additive technologies, it provides excellent protection against corrosion, wear, micropitting, and offers an extended oil service life due to its exceptional thermal stability",AL/GO-0014,aminoltm-gearsynth-680,Not available,Not available,Not available,Not available,"AIST 224
AGMA 9005-F16-AS
DIN51517-3 (CLP)
ISO 12925-1 Type CKD
FAG
SKF",Not available,,,2025-05-24 08:25:00.212+00,,19,18,"","Aminol™ GearSynth 680 is suitable for application in industrial transmissions, where roller and plain bearings are subjected to high pressure and also for large-scale plants with pressure-feed lubrication systems.","Long drain intervals
Exceptional film strength and extreme pressure resistance
Robust protection against rust and corrosion
Extended equipment life
Effective water separation and demulsification characteristics
Low foaming tendency"
5,Aminol™ SlideFlow 150,"Aminol™ SlideFlow 150 is specially designed for the lubrication of machine tool slides, tables and feed mechanisms. It features exceptional quality base oils and special additives to offer excellent adhesive and friction properties, prevent stick-slip and ensure smooth movement.",AL/SO-0005,aminoltm-slideflow-150,Not available,Not available,Not available,Not available,"DIN 51502 CGLP
DIN 51517-3 (CLP)
ISO 19378 GA & GB
ISO 11158 HG
SO 6743-4 (L-HG)
ISO 6743-13 (L-GA, L-GB)",Not available,,,2025-05-24 08:24:59.525+00,,10,,"","Aminol™ SlideFlow 150 is suitable for slideways, tables, carriages, guides and all machining center applications where a tacky extreme pressure lubricant is required. It may also be used for the lubrication of headstocks, cross feeds, saddles and gearboxes.","Superior oxidation stability
Exceptional adhesiveness
High load carrying capacity 
Excellent demulsification
Controlled frictional characteristics
Long term rust and corrosion protection
Multi-material capabilities"
7,Aminol™ SlideFlow 320,"Aminol™ SlideFlow 320 is specially designed for the lubrication of machine tool slides, tables and feed mechanisms. It features exceptional quality base oils and special additives to offer excellent adhesive and friction properties, prevent stick-slip and ensure smooth movement.",AL/SO-0007,aminoltm-slideflow-320,Not available,Not available,Not available,Not available,"DIN 51502 CGLP
DIN 51517 Part 3
ISO 19378 GA & GB
ISO 11158 HG
SO 6743-4 (L-HG)
ISO 6743-13 (L-GA, L-GB)",Not available,,,2025-05-24 08:24:59.545+00,,10,,"","Aminol™ SlideFlow 320 is suitable for slideways, tables, carriages, guides and all machining center applications where a tacky extreme pressure lubricant is required. It may also be used for the lubrication of headstocks, cross feeds, saddles and gearboxes.","Superior oxidation stability
Exceptional adhesiveness
High load carrying capacity 
Excellent demulsification
Controlled frictional characteristics
Long term rust and corrosion protection
Multi-material capabilities"
10,Aminol™ Hydraulic 68,"Aminol™ Hydraulic 68 is a high-quality mineral oil-based hydraulic fluid enriched with additives to improve aging stability and guard against corrosion. With anti-foaming properties, it offers protection against wear and rust while demonstrating excellent filterability.",AL/HF-0003,aminoltm-hydraulic-68,Not available,Not available,Not available,Not available,"DIN 51524-1 (HL)
DIN 51517-2 (CL)
ISO 11158 HL
ISO-L-HL",Not available,,,2025-05-24 08:24:59.577+00,,13,,"","Low- and medium-duty hydraulic systems where antiwear performance is not required.
Circulation systems.
Low-duty equipment.","Good thermal and oxidation stability
Stable lubricating film between friction surfaces
Extended oil change intervals and equipment lifetime
Rapid air release, coupled with low foaming
Effective corrosion protection"
73,Aminol™ Gear Oil CLP 46,"Aminol™ Gear Oil CLP 46 is a premium quality industrial gear oil with outstanding extreme pressure characteristics, made of carefully selected base stocks and the latest sulfur phosphorus additives. Its special active substance combination offers excellent load carrying capacity and micro-pitting performance providing long component life even under shock loading conditions.",AL/GO-0001,aminoltm-gear-oil-clp-46,Not available,Not available,Not available,Not available,"AIST 224
David Brown S1.53.101(E)
AGMA 9005-E02
DIN51517-3 (CLP)",Not available,,,2025-05-24 08:25:00.111+00,,19,6,"","Aminol™ Gear Oil CLP 46 is recommended for industrial applications operating under heavy duty conditions such as heavy loading, slow speed, shock loads and in wide extremes of temperature. This includes, but is not limited to, enclosed industrial spur, bevel, herringbone, helical and epicyclic gears, chain drives, sprockets and most metal-on-metal systems requiring extreme-pressure lubricant.","Outstanding wear protection 
Exceptional sludge and deposit control
Low tendency to foam
Excellent anti-corrosion properties
High pressure-absorption capability
Extended equipment life
Better compatibility with seal materials"
74,Aminol™ Gear Oil CLP 68,"Aminol™ Gear Oil CLP 68 is a premium quality industrial gear oil with outstanding extreme pressure characteristics, made of carefully selected base stocks and the latest sulfur phosphorus additives. Its special active substance combination offers excellent load carrying capacity and micro-pitting performance providing long component life even under shock loading conditions.",AL/GO-0002,aminoltm-gear-oil-clp-68,Not available,Not available,Not available,Not available,"AIST 224
David Brown S1.53.101(E)
AGMA 9005-E02
DIN51517-3 (CLP)
ISO 12925-1 Type CKC",Not available,,,2025-05-24 08:25:00.119+00,,19,6,"","Aminol™ Gear Oil CLP 68 is recommended for industrial applications operating under heavy duty conditions such as heavy loading, slow speed, shock loads and in wide extremes of temperature. This includes, but is not limited to, enclosed industrial spur, bevel, herringbone, helical and epicyclic gears, chain drives, sprockets and most metal-on-metal systems requiring extreme-pressure lubricant.","Outstanding wear protection 
Exceptional sludge and deposit control
Low tendency to foam
Excellent anti-corrosion properties
High pressure-absorption capability
Extended equipment life
Better compatibility with seal materials"
153,Aminol™ AirTec 150,Aminol™ AirTec 150 is a high-performance lube oil specially engineered to meet the stringent requirements of major compressor manufacturers . It has been blended from carefully selected base oils and a well-balanced additive package to ensure excellent corrosion protection and ageing resistance as well as a low tendency to form carbon residues and deposits.,AL/CF-0005,aminoltm-airtec-150,Not available,Not available,Not available,Not available,"DIN 51506 VDL (VB, VC)
ISO 6743/3A  (L-DAA)",Not available,,,2025-05-24 08:25:00.807+00,,12,,"","Reciprocating compressors transmitting air, inert (non-corrosive) and hydrocarbon gases
Reciprocating compressors up to 160 °C compression discharge temperature
Oil lubricated sliding and rolling bearings","Remarkable anti-wear performance 
Better low-temperature fluidity
Resistant to aging over time
Decreased deposits in discharge lines
Improved water-separating properties"
255,Aminol™ Mototech 4T 10W-40,"Aminol™ Mototech 4T 10W-40 is an advanced 4-stroke motorcycle oil designed to deliver ultimate performance and protection of the engine even in extreme operating conditions.  Its unique formulation incorporates high-quality base stocks and performance-boosting additives to provide optimum lubrication, outstanding engine cleanliness, excellent friction and minimum wear.",AE/ML-0003,aminoltm-mototech-4t-10w-40,SN,Not available,Not available,MA2,Not available,Not available,,,2025-05-24 08:25:01.748+00,,3,8,product/MOTOTECH_4T_10W40-1L1_ZjkqV1B.png,"Aminol™ Mototech 4T 10W-30 is suitable for high-performance, air, and water-cooled four-stroke motorcycles, whether equipped with or without a wet clutch. It is also ideal for motorcycles with exhaust after-treatment systems such as catalytic converters or secondary air injection","Protects against wear, deposits, and sludge
Extends engine life and improves performance
Maintains cleanliness and reduces oil consumption
Ensures superior performance in varied temperatures"
40,Aminol™ Hydraulic HLPD 46,"Aminol™ Hydraulic HLPD 46 is a premium-quality hydraulic fluid with pronounced detergent and dispersing properties. It ensures consistently high performance and ultimate cleanliness in industrial and mobile hydraulic systems, even under heavy load conditions and in environments affected by water and dust.",AL/HF-0034,aminoltm-hydraulic-hlpd-46,Not available,Not available,Not available,Not available,"DIN 51524-2 (HLPD)
ISO 6743/4 (HM)
MAN N 698
Daimler DBL 6721",Not available,,,2025-05-24 08:24:59.857+00,,13,,"","Aminol™ Hydraulic HLPD 46 is suitable for a broad spectrum of industrial and manufacturing applications that demand a high level of dispersancy, especially in instances of water ingress or contamination. It is particularly recommended for use in the hydraulic systems of machine tools, where there is a risk of water-mixed cutting fluids entering the hydraulic system.","Outstanding water emulsifying ability
Superior anti-wear properties
Remarkable resistance to oxidation and thermal degradation
Exceptional foam control and rapid air release properties
Effective corrosion protection
Excellent cleaning properties"
11,Aminol™ Hydraulic 100,"Aminol™ Hydraulic 100 is a high-quality mineral oil-based hydraulic fluid enriched with additives to improve aging stability and guard against corrosion. With anti-foaming properties, it offers protection against wear and rust while demonstrating excellent filterability.",AL/HF-0004,aminoltm-hydraulic-100,Not available,Not available,Not available,Not available,"DIN 51524-1 (HL)
DIN 51517-2 (CL)
ISO 11158 HL
ISO-L-HL",Not available,,,2025-05-24 08:24:59.587+00,,13,,"","Low- and medium-duty hydraulic systems where antiwear performance is not required.
Circulation systems.
Low-duty equipment.","Good thermal and oxidation stability
Stable lubricating film between friction surfaces
Extended oil change intervals and equipment lifetime
Rapid air release, coupled with low foaming
Effective corrosion protection"
288,Aminol™ Hydraulic HVLP 22 Zinc Free,Aminol™ Hydraulic HVLP 32 Zinc Free,AL/HF-0028,aminoltm-hydraulic-hvlp-22-zinc-free,Not available,Not available,Not available,Not available,Not available,Not available,,,2025-05-24 08:25:01.253+00,,13,,product/SPG7-4L.jpg,Not available,Not available
12,Aminol™ Hydraulic 150,"Aminol™ Hydraulic 150 is a high-quality mineral oil-based hydraulic fluid enriched with additives to improve aging stability and guard against corrosion. With anti-foaming properties, it offers protection against wear and rust while demonstrating excellent filterability.",AL/HF-0005,aminoltm-hydraulic-150,Not available,Not available,Not available,Not available,"DIN 51524-1 (HL)
DIN 51517-2 (CL)
ISO 11158 HL
ISO-L-HL",Not available,,,2025-05-24 08:24:59.597+00,,13,,"","Low- and medium-duty hydraulic systems where antiwear performance is not required.
Circulation systems.
Low-duty equipment.","Good thermal and oxidation stability
Stable lubricating film between friction surfaces
Extended oil change intervals and equipment lifetime
Rapid air release, coupled with low foaming
Effective corrosion protection"
114,Aminol™ Transmission 75W-140 LS GL-5,"Aminol™ Transmission 75W-140 LS GL-5 is a synthetic, multi-purpose hypoid gear oil with exceptionally high-performance reserves, developed specifically for limited-slip applications. It excels across diverse temperature ranges, ensuring smooth shifting and an extended transmission life",AL/TF-0033,aminoltm-transmission-75w-140-ls-gl-5,GL,Not available,Not available,Not available,"MIL-L-2105 D
SCANIA STO 1:0
Ford WSL-M2C 192-A
BMW MSP/A
ZF TE-ML 05D/21D",Not available,,,2025-05-24 08:25:00.471+00,,7,28,"","Aminol™ Transmission 75W-140 LS GL-5 is recommended for use in all types of synchronized manual transmissions (including heavy-duty), in differentials (including LS with excessive friction), steering equipment and other transmission parts where API GL-5 LS oil is required.","Superior wear resistance
Exceptional resistance to aging
Extended oil-change intervals
Outstanding corrosion protection
High-pressure absorption capability
Reduced running noise
High compatibility with seals
Excellent viscosity/temperature properties"
137,Aminol™ Advance AC5 15W-40 CF-4/SG,"Aminol™ Advance AC5 15W-40 CF-4/SG is a high performance, heavy duty engine oil that provides proven protection to naturally aspirated and turbo charged diesel engines operating under a wide variety of service conditions. It has been designed to meet the requirements of API CF-4, CF and SG performance categories.",AL/EO-0069,aminoltm-advance-ac5-15w-40-cf-4sg,CF-4/SG,Not available,Not available,Not available,Not available,"ACEA E2
MAN 270
Allison C-4
MB 228.1
Caterpillar TO-2
Volvo VDS
Mack EO-K2",,,2025-05-24 08:25:00.667+00,,1,15,"","Wide range of turbocharged and non-turbocharged diesel engines requiring API CF-4, CF as well as SG performances, and meeting Euro 2 emission standard 
On-highway heavy-duty trucks, buses including mixed fleets with gasoline engines
Off-highway applications including agriculture, mining, construction, quarrying vehicles","Improved protection against corrosion, and deposits
Exceptional engine cleanliness and reduced sludge formation
Excellent viscosity control and engine protection in high-temperature operations
Superior cold-start performance and wear protection during low-temperature operations
Outstanding piston and ring seal protection
Compatible with most engine seals and gaskets"
231,Aminol™ Advance AC2 15W-40 SG/CD,Aminol™ Advance AC2 15W-40 SG/CD is a mineral year-round multifunctional motor oil designed to deliver outstanding engine protection and cleanliness. It has been formulated with high quality base stocks and advanced additive technology to guarantee optimum lubrication under all operating conditions.,AL/EO-0047,aminoltm-advance-ac2-15w-40-sgcd,SG/CD,Not available,Not available,Not available,Not available,Not available,,,2025-05-24 08:25:01.471+00,,1,15,"",Aminol™ Advance AC2 15W-40 SG/CD is suitable for use in automotive gasoline and diesel engines where the manufacturer recommends an API SG/CD or earlier specification 15W-40 lubricant.,"Provides excellent protection against wear and extends engine life
Helps to prevent the formation of deposits and sludge, keeping engines clean and running smoothly
Protects engine parts against rust and corrosion
Offers high thermal stability and resistance to oxidation, ensuring long-lasting engine performance"
13,Aminol™ Hydraulic 220,"Aminol™ Hydraulic 220 is a high-quality mineral oil-based hydraulic fluid enriched with additives to improve aging stability and guard against corrosion. With anti-foaming properties, it offers protection against wear and rust while demonstrating excellent filterability.",AL/HF-0006,aminoltm-hydraulic-220,Not available,Not available,Not available,Not available,"DIN 51524-1 (HL)
DIN 51517-2 (CL)
ISO 11158 HL
ISO-L-HL",Not available,,,2025-05-24 08:24:59.607+00,,13,,"","Low- and medium-duty hydraulic systems where antiwear performance is not required.
Circulation systems.
Low-duty equipment.","Good thermal and oxidation stability
Stable lubricating film between friction surfaces
Extended oil change intervals and equipment lifetime
Rapid air release, coupled with low foaming
Effective corrosion protection"
14,Aminol™ Hydraulic 320,"Aminol™ Hydraulic 320 is a high-quality mineral oil-based hydraulic fluid enriched with additives to improve aging stability and guard against corrosion. With anti-foaming properties, it offers protection against wear and rust while demonstrating excellent filterability.",AL/HF-0007,aminoltm-hydraulic-320,Not available,Not available,Not available,Not available,"DIN 51524-1 (HL)
DIN 51517-2 (CL)
ISO 11158 HL
ISO-L-HL",Not available,,,2025-05-24 08:24:59.617+00,,13,,"","Low- and medium-duty hydraulic systems where antiwear performance is not required.
Circulation systems.
Low-duty equipment.","Good thermal and oxidation stability
Stable lubricating film between friction surfaces
Extended oil change intervals and equipment lifetime
Rapid air release, coupled with low foaming
Effective corrosion protection"
16,Aminol™ Hydraulic HLP 32,"Aminol™ Hydraulic Oil HLP 32 is a premium hydraulic fluid formulated from highly refined mineral oil, enriched with a precisely balanced additive system. Specifically designed to meet the demands of high-pressure and high-output hydraulic systems, it offers enhanced performance, including increased oil life, exceptional wear protection, and excellent control over deposits in various processes",AL/HF-0009,aminoltm-hydraulic-hlp-32,Not available,Not available,Not available,Not available,"DIN 51524 -2; ISO 11158 (HM); ISO 6743/4 (HM); GB 11118.1-2011; SAE MS 1004; US STEEL 126/127; Bosch Rexroth RDE 90235; Denison HF-0/HF-1/HF-2; Eaton E-FDGN-TB002-E; Fives Cincinnati P68; ASTM D6158 (HM); JCMAS P041 HK; GM LS-2, SEB 181222",Not available,,,2025-05-24 08:24:59.636+00,,13,,"","Hydraulic systems critical to deposit build-up or where sludge and deposits form with conventional products
Hydraulic systems requiring a high load-carrying capability and anti-wear protection, and when thin oil-film corrosion protection is an asset
Where small amounts of water are unavoidable
Systems containing gears and bearings 
Machines employing a wide range of components using various metallurgy","Exceptional thermal and oxidation stability
Superior wear resistance
Enhanced corrosion protection
Controlled demulsibility
Excellent anti-foam properties
Neutral to seal materials"
150,Aminol™ AirTec  46,Aminol™ AirTec 46 is a high-performance lube oil specially engineered to meet the stringent requirements of major compressor manufacturers . It has been blended from carefully selected base oils and a well-balanced additive package to ensure excellent corrosion protection and ageing resistance as well as a low tendency to form carbon residues and deposits.,AL/CF-0002,aminoltm-airtec-46,Not available,Not available,Not available,Not available,"DIN 51506 VDL (VB, VC)
ISO 6743/3A  (L-DAA)",Not available,,,2025-05-24 08:25:00.785+00,,12,,"","Reciprocating compressors transmitting air, inert (non-corrosive) and hydrocarbon gases
Reciprocating compressors up to 160 °C compression discharge temperature
Oil lubricated sliding and rolling bearings","Remarkable anti-wear performance 
Better low-temperature fluidity
Resistant to aging over time
Decreased deposits in discharge lines
Improved water-separating properties"
230,Aminol™ Advance AC1 20W-50 SG/CD,Aminol™ Advance AC1 20W-50 SG/CD is a mineral year-round multifunctional motor oil designed to deliver outstanding engine protection and cleanliness. It has been formulated with high quality base stocks and advanced additive technology to guarantee optimum lubrication under all operating conditions.,AL/EO-0046,aminoltm-advance-ac1-20w-50-sgcd,SG/CD,Not available,Not available,Not available,Not available,Not available,,,2025-05-24 08:25:01.46+00,,1,12,"",Aminol™ Advance AC1 20W-50 SG/CD is suitable for use in automotive gasoline and diesel engines where the manufacturer recommends an API SG/CD or earlier specification 20W-50 lubricant.,"Provides excellent protection against wear and extends engine life
Helps to prevent the formation of deposits and sludge, keeping engines clean and running smoothly
Protects engine parts against rust and corrosion
Offers high thermal stability and resistance to oxidation, ensuring long-lasting engine performance"
18,Aminol™ Hydraulic HLP 68,"Aminol™ Hydraulic Oil HLP 32 is a premium hydraulic fluid formulated from highly refined mineral oil, enriched with a precisely balanced additive system. Specifically designed to meet the demands of high-pressure and high-output hydraulic systems, it offers enhanced performance, including increased oil life, exceptional wear protection, and excellent control over deposits in various processes",AL/HF-0011,aminoltm-hydraulic-hlp-68,Not available,Not available,Not available,Not available,"DIN 51524 -2; ISO 11158 (HM); ISO 6743-4, (HM); GB 11118.1-2011; SAE MS 1004; US STEEL - 126/127; Bosch Rexroth RDE 90235; Denison HF-0/HF-1/HF-2; Eaton E-FDGN-TB002-E; Fives Cincinnati P69; ASTM D6158; JCMAS P041 HK; GM LS-2, SEB 181222",Not available,,,2025-05-24 08:24:59.652+00,,13,,"","Hydraulic systems critical to deposit build-up or where sludge and deposits form with conventional products
Hydraulic systems requiring a high load-carrying capability and anti-wear protection, and when thin oil-film corrosion protection is an asset
Where small amounts of water are unavoidable
Systems containing gears and bearings 
Machines employing a wide range of components using various metallurgy","Exceptional thermal and oxidation stability
Superior wear resistance
Enhanced corrosion protection
Controlled demulsibility
Excellent anti-foam properties
Neutral to seal materials"
19,Aminol™ Hydraulic HLP 100,"Aminol™ Hydraulic Oil HLP 32 is a premium hydraulic fluid formulated from highly refined mineral oil, enriched with a precisely balanced additive system. Specifically designed to meet the demands of high-pressure and high-output hydraulic systems, it offers enhanced performance, including increased oil life, exceptional wear protection, and excellent control over deposits in various processes",AL/HF-0012,aminoltm-hydraulic-hlp-100,Not available,Not available,Not available,Not available,"DIN 51524 -2; ISO 11158 (HM); ISO 6743-4, (HM); SAE MS 1004; US STEEL - 126/127; Denison HF-0/HF-1/HF-2; ASTM D6158 (HM); Eaton E-FDGN-TB002-E; JCMAS P041 HK; GM LS-2, SEB 181222",Not available,,,2025-05-24 08:24:59.66+00,,13,,"","Hydraulic systems critical to deposit build-up or where sludge and deposits form with conventional products
Hydraulic systems requiring a high load-carrying capability and anti-wear protection, and when thin oil-film corrosion protection is an asset
Where small amounts of water are unavoidable
Systems containing gears and bearings 
Machines employing a wide range of components using various metallurgy","Exceptional thermal and oxidation stability
Superior wear resistance
Enhanced corrosion protection
Controlled demulsibility
Excellent anti-foam properties
Neutral to seal materials"
21,Aminol™ Hydraulic HLP 220,"Aminol™ Hydraulic Oil HLP 32 is a premium hydraulic fluid formulated from highly refined mineral oil, enriched with a precisely balanced additive system. Specifically designed to meet the demands of high-pressure and high-output hydraulic systems, it offers enhanced performance, including increased oil life, exceptional wear protection, and excellent control over deposits in various processes",AL/HF-0014,aminoltm-hydraulic-hlp-220,Not available,Not available,Not available,Not available,"DIN 51524 -2; ISO 11158 (HM); ISO 6743-4, (HM); SAE MS 1004; US STEEL - 126/127; Denison HF-0/HF-1/HF-2; ASTM D6158 (HM); Eaton E-FDGN-TB002-E; JCMAS P041 HK; GM LS-2, SEB 181222",Not available,,,2025-05-24 08:24:59.677+00,,13,,"","Hydraulic systems critical to deposit build-up or where sludge and deposits form with conventional products
Hydraulic systems requiring a high load-carrying capability and anti-wear protection, and when thin oil-film corrosion protection is an asset
Where small amounts of water are unavoidable
Systems containing gears and bearings 
Machines employing a wide range of components using various metallurgy","Exceptional thermal and oxidation stability
Superior wear resistance
Enhanced corrosion protection
Controlled demulsibility
Excellent anti-foam properties
Neutral to seal materials"
22,Aminol™ Hydraulic HLP 320,"Aminol™ Hydraulic Oil HLP 32 is a premium hydraulic fluid formulated from highly refined mineral oil, enriched with a precisely balanced additive system. Specifically designed to meet the demands of high-pressure and high-output hydraulic systems, it offers enhanced performance, including increased oil life, exceptional wear protection, and excellent control over deposits in various processes",AL/HF-0015,aminoltm-hydraulic-hlp-320,Not available,Not available,Not available,Not available,"DIN 51524 -2; ISO 11158 (HM); ISO 6743-4, (HM); SAE MS 1004; US STEEL - 126/127; Denison HF-0/HF-1/HF-2; ASTM D6158 (HM); Eaton E-FDGN-TB002-E; JCMAS P041 HK; GM LS-2, SEB 181222",Not available,,,2025-05-24 08:24:59.686+00,,13,,"","Hydraulic systems critical to deposit build-up or where sludge and deposits form with conventional products
Hydraulic systems requiring a high load-carrying capability and anti-wear protection, and when thin oil-film corrosion protection is an asset
Where small amounts of water are unavoidable
Systems containing gears and bearings 
Machines employing a wide range of components using various metallurgy","Exceptional thermal and oxidation stability
Superior wear resistance
Enhanced corrosion protection
Controlled demulsibility
Excellent anti-foam properties
Neutral to seal materials"
24,Aminol™ Hydraulic HLP 32 Zinc Free,"Aminol™ Hydraulic HLP 32 Zinc Free is a high-performance zinc-free ashless hydraulic oil designed for top-notch performance in hydraulic systems, power transmission, and general machine lubrication, especially under moderate to severe conditions. It features a formulation with high-quality mineral base stocks and a special additive technology, effectively preventing corrosion, wear, aging, and friction.",AL/HF-0017,aminoltm-hydraulic-hlp-32-zinc-free,Not available,Not available,Not available,Not available,"DIN 51524-2
Fives Cincinnati P-68
ISO 11158 (HM)
ASTM D6158 HM)
SAE MS 1004
ISO 20763",Not available,,,2025-05-24 08:24:59.703+00,,13,,"","Manufacturing and industrial hydraulic systems
Severe-duty hydraulic service
Marine and mobile hydraulic systems
High-pressure vane, piston, and gear pumps operating at elevated temperatures
Systems employing multi-metal designs in system components","Excellent anti-oxidation and anticorrosion properties.
High thermal-oxidative stability.
Outstanding seal compatibility.
Superior antiwear characteristics.
Great air separation ability.
Extended oil drain intervals."
25,Aminol™ Hydraulic HLP 46 Zinc Free,"Aminol™ Hydraulic HLP 46 Zinc Free is a high-performance zinc-free ashless hydraulic oil designed for top-notch performance in hydraulic systems, power transmission, and general machine lubrication, especially under moderate to severe conditions. It features a formulation with high-quality mineral base stocks and a special additive technology, effectively preventing corrosion, wear, aging, and friction.",AL/HF-0018,aminoltm-hydraulic-hlp-46-zinc-free,Not available,Not available,Not available,Not available,"DIN 51524-2
Fives Cincinnati P-70
ISO 11158 (HM)
ASTM D6158 (HM)
SAE MS 1004
ISO 20763",Not available,,,2025-05-24 08:24:59.716+00,,13,,"","Manufacturing and industrial hydraulic systems
Severe-duty hydraulic service
Marine and mobile hydraulic systems
High-pressure vane, piston, and gear pumps operating at elevated temperatures
Systems employing multi-metal designs in system components","Excellent anti-oxidation and anticorrosion properties.
High thermal-oxidative stability.
Outstanding seal compatibility.
Superior antiwear characteristics.
Great air separation ability.
Extended oil drain intervals."
26,Aminol™ Hydraulic HLP 68 Zinc Free,"Aminol™ Hydraulic HLP 68 Zinc Free is a high-performance zinc-free ashless hydraulic oil designed for top-notch performance in hydraulic systems, power transmission, and general machine lubrication, especially under moderate to severe conditions. It features a formulation with high-quality mineral base stocks and a special additive technology, effectively preventing corrosion, wear, aging, and friction.",AL/HF-0019,aminoltm-hydraulic-hlp-68-zinc-free,Not available,Not available,Not available,Not available,"DIN 51524-2
Fives Cincinnati P-69
ISO 11158 (HM)
ASTM D6158 (HM)
SAE MS 1004
ISO 20763",Not available,,,2025-05-24 08:24:59.729+00,,13,,"","Manufacturing and industrial hydraulic systems
Severe-duty hydraulic service
Marine and mobile hydraulic systems
High-pressure vane, piston, and gear pumps operating at elevated temperatures
Systems employing multi-metal designs in system components","Excellent anti-oxidation and anticorrosion properties.
High thermal-oxidative stability.
Outstanding seal compatibility.
Superior antiwear characteristics.
Great air separation ability.
Extended oil drain intervals."
29,Aminol™ Hydraulic HVLP 22,"Aminol™ HVLP 68 is a high-performance anti-wear hydraulic oil derived from premium quality raffinates. Engineered to deliver exceptional protection and performance, it excels in various applications, including most mobile equipment, operating efficiently across a wide range of ambient temperatures.",AL/HF-0022,aminoltm-hydraulic-hvlp-22,Not available,Not available,Not available,Not available,"DIN 51524-3 (HV)
ISO 11158 (HV)
ASTM D6158 (HV)
Eaton E-FDGN-TB002-E
JCMAS P041 HK
AIST 126/127
SAE MS1004
GM LS 2
SEB 181222",Not available,,,2025-05-24 08:24:59.759+00,,13,,"","Industrial and mobile equipment hydraulic systems operating at high pressures and temperatures in critical applications
Systems where cold start-up and high operating temperatures are typical
Systems requiring a high degree of load-carrying capability and anti-wear protection
Machines employing a wide range of components using various metallurgy","Exceptional thermal and oxidation stability
Superior wear resistance
Enhanced corrosion protection
Excellent anti-foam properties
Ultra clean performance"
31,Aminol™ Hydraulic HVLP 46,"Aminol™ HVLP 68 is a high-performance anti-wear hydraulic oil derived from premium quality raffinates. Engineered to deliver exceptional protection and performance, it excels in various applications, including most mobile equipment, operating efficiently across a wide range of ambient temperatures.",AL/HF-0024,aminoltm-hydraulic-hvlp-46,Not available,Not available,Not available,Not available,"DIN 51524-3 (HV); ISO 11158 (HV); Bosch Rexroth RDE 90235; Denison HF-0/HF-1/HF-2; Eaton E-FDGN-TB002-E; Fives Cincinnati P70; GB 11118.1-2011 (L-HV); ASTM D6158 (HV); GM LS 2; AIST 126, 127; SAE MS 1004, SEB 181222",Not available,,,2025-05-24 08:24:59.775+00,,13,,"","Industrial and mobile equipment hydraulic systems operating at high pressures and temperatures in critical applications
Systems where cold start-up and high operating temperatures are typical
Systems requiring a high degree of load-carrying capability and anti-wear protection
Machines employing a wide range of components using various metallurgy","Exceptional thermal and oxidation stability
Superior wear resistance
Enhanced corrosion protection
Excellent anti-foam properties
Ultra clean performance"
36,Aminol™ Hydraulic HVLP 46 Zinc Free,"Aminol™ HVLP 46 Zinc Free is a superior hydraulic oil designed to meet the needs of modern, high pressure, industrial and mobile equipment hydraulic systems. It has been formulated from high quality hydro-treated base stocks and specially selected zinc free additives to ensure exceptional protection due to excellent anti-wear performance in severe hydraulic applications.",AL/HF-0030,aminoltm-hydraulic-hvlp-46-zinc-free,Not available,Not available,Not available,Not available,"DIN 51524- 3, ISO 6743/4 (HV), Denison HF-0/HF-1/HF-2, Cincinnati Machine P-70, ISO 11158 (HV), AFNOR NF E 48-603 (HV), SIS SS 155434, SEB 181 222, U.S. Steel 126/127, GM LS-2, JCMAS P041 HK",Not available,,,2025-05-24 08:24:59.826+00,,13,,"","Systems employing multi-metal designs in pumps and other components
Applications where cross-contamination of hydraulic fluids and coolants can occur
High pressure vane, piston and gear pumps
Where small amounts of water are unavoidable
In systems containing gears and bearings
Systems requiring a high degree of load-carrying capability and anti-wear protection","High oxidation resistance and thermal stability 
Exceptional anti-wear properties
Outstanding oil film strength 
Excellent demulsibility characteristics
Fast air release and low foaming
Multi metal compatibility"
35,Aminol™ Hydraulic HVLP 32 Zinc Free,"Aminol™ HVLP 32 Zinc Free is a superior hydraulic oil designed to meet the needs of modern, high pressure, industrial and mobile equipment hydraulic systems. It has been formulated from high quality hydro-treated base stocks and specially selected zinc free additives to ensure exceptional protection due to excellent anti-wear performance in severe hydraulic applications.",AL/HF-0029,aminoltm-hydraulic-hvlp-32-zinc-free,Not available,Not available,Not available,Not available,"DIN 51524- 3, ISO 6743/4 (HV), Denison HF-0/HF-1/HF-2, Cincinnati Machine P-68, ISO 11158 (HV), AFNOR NF E 48-603 (HV), SIS SS 155434, SEB 181 222, U.S. Steel 126/127, GM LS-2, JCMAS P041 HK",Not available,,,2025-05-24 08:24:59.807+00,,13,,"","Systems employing multi-metal designs in pumps and other components
Applications where cross-contamination of hydraulic fluids and coolants can occur
High pressure vane, piston and gear pumps
Where small amounts of water are unavoidable
In systems containing gears and bearings
Systems requiring a high degree of load-carrying capability and anti-wear protection","High oxidation resistance and thermal stability 
Exceptional anti-wear properties
Outstanding oil film strength 
Excellent demulsibility characteristics
Fast air release and low foaming
Multi metal compatibility"
48,Aminol™ Hydraulic Xtreme 32 ULT,"Aminol™ Hydraulic Xtreme 32 ULT is an advanced hydraulic fluid designed for applications subjected to extremely low ambient temperatures, such as Arctic or exposed areas. It consistently delivers high performance even in environments with widely fluctuating temperatures, making it ideal for use in industrial and mobile hydraulic systems operating under heavy load conditions.",AL/HF-0042,aminoltm-hydraulic-xtreme-32-ult,Not available,Not available,Not available,Not available,"DIN 51524-3 (HVLP)​
ISO-L-HV",Not available,,,2025-05-24 08:24:59.934+00,,13,,"","Mobile and industrial equipment operating at extremely low temperatures
Hydraulic systems operating at high pressures and under heavy operating conditions
Vehicles, agricultural, construction, and mining equipment operating in extremely cold environments
Hydraulic servo equipment
Circulation systems","Exceptional anti-wear protection
Outstanding oxidation and thermal stability
Excellent water separability and hydrolytic stability
Great foam and air release performance
Improved rust and corrosion protection"
49,Aminol™ Circulating Oil 32 AW,"Aminol™ Circulating Oil 32 AW is a rust and oxidation inhibited, anti-wear circulating oil developed to provide effective lubrication for friction parts and diverse mechanisms. It is blended with high-quality mineral base oils and a carefully selected additive package to prevent oxidation, corrosion, and wear.",AL/CO-0001,aminoltm-circulating-oil-32-aw,Not available,Not available,Not available,Not available,"DIN 51524/1 (HL)
DIN 51517-2 (CL)
ISO 11158 (HL)
ISO-L-HL",Not available,,,2025-05-24 08:24:59.942+00,,14,,"","Aminol™ Circulating Oil 32 AW is a multipurpose oil suitable for lubricating assembly blocks in machines and devices that don't require extreme pressure properties. It's also ideal for moderately loaded gears, gear couplings, hydraulic pumps, and various bearings, including high-temperature paper machine bearings, where EP properties are not needed","Excellent oxidation and thermal stability
Outstanding anti-wear characteristics
Remarkable water-separating properties
Exceptional foam resistance
Effective protection against rust and corrosion"
51,Aminol™ Circulating Oil 68 AW,"Aminol™ Circulating Oil 68 AW is a rust and oxidation inhibited, anti-wear circulating oil developed to provide effective lubrication for friction parts and diverse mechanisms. It is blended with high-quality mineral base oils and a carefully selected additive package to prevent oxidation, corrosion, and wear.",AL/CO-0003,aminoltm-circulating-oil-68-aw,Not available,Not available,Not available,Not available,"DIN 51524/1 (HL)
DIN 51517-2 (CL)
ISO 11158 (HL)
ISO-L-HL",Not available,,,2025-05-24 08:24:59.962+00,,14,,"","Aminol™ Circulating Oil 32 AW is a multipurpose oil suitable for lubricating assembly blocks in machines and devices that don't require extreme pressure properties. It's also ideal for moderately loaded gears, gear couplings, hydraulic pumps, and various bearings, including high-temperature paper machine bearings, where EP properties are not needed","Excellent oxidation and thermal stability
Outstanding anti-wear characteristics
Remarkable water-separating properties
Exceptional foam resistance
Effective protection against rust and corrosion"
60,Aminol™ Circulating Oil 220 RM,"Aminol™ Circulating Oil 220 RM is a high-performance lubricant engineered to offer exceptional protection in demanding industrial bearing and circulating applications, notably in challenging environments like 'No-Twist' Rod Mill Systems. It's formulated with high-quality base stocks and specially chosen additives to provide outstanding antiwear and antioxidant properties",AL/CO-0012,aminoltm-circulating-oil-220-rm,Not available,Not available,Not available,Not available,"Danieli 0.000.001 Type 21
Morgan No-Twist Mill (Spec MMC40003)
DIN 51524 Part 1 & 2
ISO 11158 HL & HM
Schuler Pressen DT 55055 01.2015",Not available,,,2025-05-24 08:25:00.046+00,,14,,"","No Twist Rod Mills
General industrial bearing and circulating systems
Enclosed industrial gear systems","Excellent protection for lubricated components
Ensures a robust lubricating film
Maximizes efficiency of the water removal system
Minimizes the risk of unscheduled maintenance
Extends the life of the oil charge, prolonging re-lubrication intervals"
62,Aminol™ Circulating Oil 460 RM,"Aminol™ Circulating Oil 460 RM is a high-performance lubricant engineered to offer exceptional protection in demanding industrial bearing and circulating applications, notably in challenging environments like 'No-Twist' Rod Mill Systems. It's formulated with high-quality base stocks and specially chosen additives to provide outstanding antiwear and antioxidant properties",AL/CO-0014,aminoltm-circulating-oil-460-rm,Not available,Not available,Not available,Not available,"Danieli 0.000.001 Type 21
Morgan No-Twist Mill (Spec MMC40003)
DIN 51524 Part 1 & 2
ISO 11158 HL & HM
Schuler Pressen DT 55055 01.2017",Not available,,,2025-05-24 08:25:00.057+00,,14,,"","No Twist Rod Mills
General industrial bearing and circulating systems
Enclosed industrial gear systems","Excellent protection for lubricated components
Ensures a robust lubricating film
Maximizes efficiency of the water removal system
Minimizes the risk of unscheduled maintenance
Extends the life of the oil charge, prolonging re-lubrication intervals"
92,Aminol™ Nauta C70,"Aminol™ Nauta C70 is an exceptional marine cylinder oil developed for contemporary low-speed crosshead diesel engines running on residual fuels with sulfur content exceeding 1%. It has specifically been engineered to meet the demands of diesel engines operating under elevated pressures, temperatures, and longer stroke conditions.",AL/MO-0004,aminoltm-nauta-c70,Not available,Not available,Not available,Not available,"MAN ES
WinGD
J-ENG",Not available,,,2025-05-24 08:25:00.271+00,,15,,"",Aminol™ Nauta C70 is recommended for all 2-stroke engines running on high-sulfur residual fuels. It can also serve as an alternative to lower BN products when using fuels compliant with IMO 2020 regulations.,"Excellent acid neutralization extends component lifespan.
Superior cleaning reduces deposits on critical engine parts.
Improved wear resistance lowers maintenance costs.
Compatible with common seal materials."
263,Aminol™ Nauta S20,"Aminol™ Nauta S20 is a premium-quality system (crankcase) oil specifically designed for lubricating modern slow-speed 2-stroke crosshead diesel engines. It has been formulated from carefully selected base oils using the latest additive technology to provide excellent thermal stability, oxidation resistance, and improved anti-wear properties.",AL/MO-0007,aminoltm-nauta-s20,Not available,Not available,Not available,Not available,"MAN
WinGD
J-ENG",Not available,,,2025-05-27 07:54:41.766098+00,,,,"","Aminol™  Nauta S20 is recommended for lubricating the crankshaft, oil-cooled pistons, and shaft bearings of 2-stroke engines. It is also suitable for use in intermediate and tail shaft stern tube bearings.","Demonstrates excellent thermal and oxidation stability, complemented by effective detergency.
Extends oil life through efficient water-separation properties.
Exhibits superb antirust and anti-corrosive capabilities.
Provides reliable wear protection."
76,Aminol™ Gear Oil CLP 150,"Aminol™ Gear Oil CLP 150 is a premium quality industrial gear oil with outstanding extreme pressure characteristics, made of carefully selected base stocks and the latest sulfur phosphorus additives. Its special active substance combination offers excellent load carrying capacity and micro-pitting performance providing long component life even under shock loading conditions.",AL/GO-0004,aminoltm-gear-oil-clp-150,Not available,Not available,Not available,Not available,"AIST 224
David Brown S1.53.101(E)
AGMA 9005-E02
DIN51517-3 (CLP)
ISO 12925-1 Type CKC",Not available,,,2025-05-24 08:25:00.138+00,,19,6,"","Aminol™ Gear Oil CLP 150 is recommended for industrial applications operating under heavy duty conditions such as heavy loading, slow speed, shock loads and in wide extremes of temperature. This includes, but is not limited to, enclosed industrial spur, bevel, herringbone, helical and epicyclic gears, chain drives, sprockets and most metal-on-metal systems requiring extreme-pressure lubricant.","Outstanding wear protection 
Exceptional sludge and deposit control
Low tendency to foam
Excellent anti-corrosion properties
High pressure-absorption capability
Extended equipment life
Better compatibility with seal materials"
264,Aminol™ Nauta S30,"Aminol™ Nauta S30 is a premium-quality system (crankcase) oil specifically designed for lubricating modern slow-speed 2-stroke crosshead diesel engines. It has been formulated from carefully selected base oils using the latest additive technology to provide excellent thermal stability, oxidation resistance, and improved anti-wear properties.",AL/MO-0008,aminoltm-nauta-s30,Not available,Not available,Not available,Not available,"MAN
WinGD
J-ENG",Not available,,,2025-05-27 07:54:41.780752+00,,,,"","Aminol™  Nauta S30 is recommended for lubricating the crankshaft, oil-cooled pistons, and shaft bearings of 2-stroke engines. It is also suitable for use in intermediate and tail shaft stern tube bearings.","Demonstrates excellent thermal and oxidation stability, complemented by effective detergency.
Extends oil life through efficient water-separation properties.
Exhibits superb antirust and anti-corrosive capabilities.
Provides reliable wear protection."
158,Aminol™ AirTec VDL 100,"Aminol™ AirTec VDL 100 is an advanced low-friction compressor oil that combines highly refined conventional base stocks with cutting-edge additive technology. It is specially designed to deliver extraordinary lubrication for centrifugal, piston, rotary screw and sliding vane compressors.",AL/CF-0010,aminoltm-airtec-vdl-100,Not available,Not available,Not available,Not available,"DIN 51506 VDL
ISO 6743/3A  (L-DAB, L-DAC, L-DAH, L-DAG)",Not available,,,2025-05-24 08:25:00.855+00,,12,,"","Reciprocating air compressor crankcases and cylinders
Rotary screw compressors
Rotary vane compressors
Axial and centrifugal compressors
Compressor systems with critical gears and bearings
Compressors used in stationary and mobile applications","Superior thermal and oxidation stability 
Excellent varnish and sludge control 
High load carrying capability 
Enhanced resistance to rusting and corrosion
Outstanding anti-wear, demulsibility and anti-foam properties
Exceptional water separability"
265,Aminol™ Nauta S40,"Aminol™ Nauta S40 is a premium-quality system (crankcase) oil specifically designed for lubricating modern slow-speed 2-stroke crosshead diesel engines. It has been formulated from carefully selected base oils using the latest additive technology to provide excellent thermal stability, oxidation resistance, and improved anti-wear properties.",AL/MO-0009,aminoltm-nauta-s40,Not available,Not available,Not available,Not available,"MAN
WinGD
J-ENG",Not available,,,2025-05-27 07:54:41.792575+00,,,,"","Aminol™  Nauta S40 is recommended for lubricating the crankshaft, oil-cooled pistons, and shaft bearings of 2-stroke engines. It is also suitable for use in intermediate and tail shaft stern tube bearings.","Demonstrates excellent thermal and oxidation stability, complemented by effective detergency.
Extends oil life through efficient water-separation properties.
Exhibits superb antirust and anti-corrosive capabilities.
Provides reliable wear protection."
266,Aminol™ Nauta T3012,"Aminol™ Nauta T3012 is a high-quality detergent lubricant designed for medium-speed 4-stroke diesel engines operating on distillate fuel, serving as the primary propulsion, auxiliary power, and for power generation purposes. It complies with APCI CF performance requirements.",AL/MO-0010,aminoltm-nauta-t3012,CF,Not available,Not available,Not available,"MAN ES
Wärtsilä",Not available,,,2025-05-27 07:54:41.803758+00,,,,"","Aminol™ Nauta T3012 is recommended for medium-speed engines in marine, power generation, and industrial applications running on distillate fuel with API CF diesel detergency specifications. It's also well-suited for various components such as plain bearings of turbochargers, most reduction gears, shaft bearings, stern tubes, and seals","Outstanding thermal and oxidation stability
Excellent deposit control capabilities
Extended oil change intervals
Efficient water separation properties with BN retention
Comprehensive protection against rust and corrosion"
267,Aminol™ Nauta T3015,"Aminol™ Nauta T3015 is a high-quality detergent lubricant designed for medium-speed 4-stroke diesel engines operating on distillate fuel, serving as the primary propulsion, auxiliary power, and for power generation purposes. It complies with API CF performance requirements.",AL/MO-0011,aminoltm-nauta-t3015,CF,Not available,Not available,Not available,"MAN ES
Wärtsilä",Not available,,,2025-05-27 07:54:41.815829+00,,,,"","Aminol™ Nauta T3015 is recommended for medium-speed engines in marine, power generation, and industrial applications running on distillate fuel with API CF diesel detergency specifications. It's also well-suited for various components such as plain bearings of turbochargers, most reduction gears, shaft bearings, stern tubes, and seals","Outstanding thermal and oxidation stability
Excellent deposit control capabilities
Extended oil change intervals
Efficient water separation properties with BN retention
Comprehensive protection against rust and corrosion"
268,Aminol™ Nauta T3020,"Aminol™ Nauta T3020 is a high-quality detergent lubricant designed for medium-speed 4-stroke diesel engines operating on HFO (heavy fuel oil), serving as the primary propulsion, auxiliary power, and for power generation purposes. It complies with API CF performance requirements.",AL/MO-0012,aminoltm-nauta-t3020,CF,Not available,Not available,Not available,"MAN ES
Wärtsilä",Not available,,,2025-05-27 07:54:41.825632+00,,,,"","Aminol™ Nauta T3020 is recommended for medium-speed engines in marine, power generation, and industrial applications running on distillate fuel with API CF diesel detergency specifications. It's also well-suited for various components such as plain bearings of turbochargers, most reduction gears, shaft bearings, stern tubes, and seals","Outstanding thermal and oxidation stability
Excellent deposit control capabilities
Extended oil change intervals
Efficient water separation properties with BN retention
Comprehensive protection against rust and corrosion"
269,Aminol™ Nauta T3030,"Aminol™  Nauta T3030 is a high-performance diesel engine oil designed for use in medium-speed diesel engines operating on residual fuel. Blended with highly refined base oils and carefully selected additives, it demonstrates outstanding acid-neutralizing properties and detergency while complying with API CF performance requirements.",AL/MO-0013,aminoltm-nauta-t3030,CF,Not available,Not available,Not available,"MAN ES
Wärtsilä",Not available,,,2025-05-27 07:54:41.834532+00,,,,"","Aminol™ Nauta T3030 is recommended for use in top-rated, medium-speed diesel engines employed in both marine and stationary power generation. It also serves as an ideal lubricant for bearings, stern tubes, and reduction gears.","Strong detergency and dispersancy
Improved demulsibility
Enhanced thermo-oxidative stability
Reliable rust and corrosion protection
Exceptional deposit control
Extended oil life"
270,Aminol™ Nauta T3040,"Aminol™  Nauta T3040 is a high-performance diesel engine oil designed for use in medium-speed diesel engines operating on residual fuel. Blended with highly refined base oils and carefully selected additives, it demonstrates outstanding acid-neutralizing properties and detergency while complying with APCI CF performance requirements.",AL/MO-0014,aminoltm-nauta-t3040,CF,Not available,Not available,Not available,"MAN ES
Wärtsilä",Not available,,,2025-05-27 07:54:41.844015+00,,,,"","Aminol™ Nauta T3040 is recommended for use in top-rated, medium-speed diesel engines employed in both marine and stationary power generation. It also serves as an ideal lubricant for bearings, stern tubes, and reduction gears.","Strong detergency and dispersancy
Improved demulsibility
Enhanced thermo-oxidative stability
Reliable rust and corrosion protection
Exceptional deposit control
Extended oil life"
271,Aminol™ Nauta T3055,"Aminol™  Nauta T3055 is a high-performance diesel engine oil designed for use in medium-speed diesel engines operating on residual fuel. Blended with highly refined base oils and carefully selected additives, it demonstrates outstanding acid-neutralizing properties and detergency while complying with APCI CF performance requirements.",AL/MO-0015,aminoltm-nauta-t3055,CF,Not available,Not available,Not available,"MAN ES
Wärtsilä",Not available,,,2025-05-27 07:54:41.85323+00,,,,"","Aminol™ Nauta T3055 is recommended for use in top-rated, medium-speed diesel engines employed in both marine and stationary power generation. It also serves as an ideal lubricant for bearings, stern tubes, and reduction gears.","Strong detergency and dispersancy
Improved demulsibility
Enhanced thermo-oxidative stability
Reliable rust and corrosion protection
Exceptional deposit control
Extended oil life"
272,Aminol™ Nauta T4012,"Aminol™ Nauta T4012 is a high-quality detergent lubricant designed for medium-speed 4-stroke diesel engines operating on distillate fuel, serving as the primary propulsion, auxiliary power, and for power generation purposes. It complies with API CF performance requirements.",AL/MO-0016,aminoltm-nauta-t4012,CF,Not available,Not available,Not available,"MAN ES
Wärtsilä",Not available,,,2025-05-27 07:54:41.862629+00,,,,"","Aminol™ Nauta T4012 is recommended for medium-speed engines in marine, power generation, and industrial applications running on distillate fuel with API CF diesel detergency specifications. It's also well-suited for various components such as plain bearings of turbochargers, most reduction gears, shaft bearings, stern tubes, and seals.","Outstanding thermal and oxidation stability
Excellent deposit control capabilities
Extended oil change intervals
Efficient water separation properties with BN retention
Comprehensive protection against rust and corrosion"
273,Aminol™ Nauta T4015,"Aminol™ Nauta T4015 is a high-quality detergent lubricant designed for medium-speed 4-stroke diesel engines operating on distillate fuel, serving as the primary propulsion, auxiliary power, and for power generation purposes. It complies with API CF performance requirements.",AL/MO-0017,aminoltm-nauta-t4015,CF,Not available,Not available,Not available,"MAN ES
Wärtsilä",Not available,,,2025-05-27 07:54:41.870982+00,,,,"","Aminol™ Nauta T4015 is recommended for medium-speed engines in marine, power generation, and industrial applications running on distillate fuel with API CF diesel detergency specifications. It's also well-suited for various components such as plain bearings of turbochargers, most reduction gears, shaft bearings, stern tubes, and seals.","Outstanding thermal and oxidation stability
Excellent deposit control capabilities
Extended oil change intervals
Efficient water separation properties with BN retention
Comprehensive protection against rust and corrosion"
274,Aminol™ Nauta T4020,"Aminol™ Nauta T4020 is a high-quality detergent lubricant designed for medium-speed 4-stroke diesel engines operating on distillate fuel, serving as the primary propulsion, auxiliary power, and for power generation purposes. It complies with API CF performance requirements.",AL/MO-0018,aminoltm-nauta-t4020,CF,Not available,Not available,Not available,"MAN ES
Wärtsilä",Not available,,,2025-05-27 07:54:41.880167+00,,,,"","Aminol™ Nauta T4020 is recommended for medium-speed engines in marine, power generation, and industrial applications running on distillate fuel with API CF diesel detergency specifications. It's also well-suited for various components such as plain bearings of turbochargers, most reduction gears, shaft bearings, stern tubes, and seals.","Outstanding thermal and oxidation stability
Excellent deposit control capabilities
Extended oil change intervals
Efficient water separation properties with BN retention
Comprehensive protection against rust and corrosion"
275,Aminol™ Nauta T4030,"Aminol™  Nauta T4030 is a high-performance diesel engine oil designed for use in medium-speed diesel engines operating on residual fuel. Blended with highly refined base oils and carefully selected additives, it demonstrates outstanding acid-neutralizing properties and detergency while complying with API CF performance requirements.",AL/MO-0019,aminoltm-nauta-t4030,CF,Not available,Not available,Not available,"MAN ES
Wärtsilä",Not available,,,2025-05-27 07:54:41.892037+00,,,,"","Aminol™ Nauta T4030 is recommended for use in top-rated, medium-speed diesel engines employed in both marine and stationary power generation. It also serves as an ideal lubricant for bearings, stern tubes, and reduction gears.","Strong detergency and dispersancy
Improved demulsibility
Enhanced thermo-oxidative stability
Reliable rust and corrosion protection
Exceptional deposit control
Extended oil life"
160,Aminol™ AirTec VDL 220,"Aminol™ AirTec VDL 220 is an advanced low-friction compressor oil that combines highly refined conventional base stocks with cutting-edge additive technology. It is specially designed to deliver extraordinary lubrication for centrifugal, piston, rotary screw and sliding vane compressors.",AL/CF-0012,aminoltm-airtec-vdl-220,Not available,Not available,Not available,Not available,"DIN 51506 VDL
ISO 6743/3A  (L-DAB, L-DAC, L-DAH, L-DAG)",Not available,,,2025-05-24 08:25:00.873+00,,12,,"","Reciprocating air compressor crankcases and cylinders
Rotary screw compressors
Rotary vane compressors
Axial and centrifugal compressors
Compressor systems with critical gears and bearings
Compressors used in stationary and mobile applications","Superior thermal and oxidation stability 
Excellent varnish and sludge control 
High load carrying capability 
Enhanced resistance to rusting and corrosion
Outstanding anti-wear, demulsibility and anti-foam properties
Exceptional water separability"
276,Aminol™ Nauta T4040,"Aminol™ Nauta T4040 is a high-performance diesel engine oil designed for use in medium-speed diesel engines operating on residual fuel. Blended with highly refined base oils and carefully selected additives, it demonstrates outstanding acid-neutralizing properties and detergency while complying with API CF performance requirements.",AL/MO-0020,aminoltm-nauta-t4040,CF,Not available,Not available,Not available,"MAN ES
Wärtsilä",Not available,,,2025-05-27 07:54:41.905831+00,,,,"","Aminol™ Nauta T4030 is recommended for use in top-rated, medium-speed diesel engines employed in both marine and stationary power generation. It also serves as an ideal lubricant for bearings, stern tubes, and reduction gears.","Strong detergency and dispersancy
Improved demulsibility
Enhanced thermo-oxidative stability
Reliable rust and corrosion protection
Exceptional deposit control
Extended oil life"
277,Aminol™ Nauta T4055,"Aminol™  Nauta T4055 is a high-performance diesel engine oil designed for use in medium-speed diesel engines operating on residual fuel. Blended with highly refined base oils and carefully selected additives, it demonstrates outstanding acid-neutralizing properties and detergency while complying with API CF performance requirements.",AL/MO-0021,aminoltm-nauta-t4055,CF,Not available,Not available,Not available,"MAN ES
Wärtsilä",Not available,,,2025-05-27 07:54:41.916813+00,,,,"","Aminol™ Nauta T4030 is recommended for use in top-rated, medium-speed diesel engines employed in both marine and stationary power generation. It also serves as an ideal lubricant for bearings, stern tubes, and reduction gears.","Strong detergency and dispersancy
Improved demulsibility
Enhanced thermo-oxidative stability
Reliable rust and corrosion protection
Exceptional deposit control
Extended oil life"
95,Aminol™ AdBlue,Aminol™ Adblue is a high-quality diesel exhaust fluid made of highly purified urea and demineralized water. It has been designed to reduce exhaust emissions in systems with the Selective Catalytic Reduction (SCR) technology.,AL/AB-0001,aminoltm-adblue,Not available,Not available,Not available,Not available,"ISO 22241-1
DIN 70070",Not available,,,2025-05-24 08:25:00.294+00,,23,,"",The synthetic fluid is put into a special reservoir before the catalytic converter and sprayed in metered doses into the exhaust stream of the vehicle. It reacts with the exhaust gases from the engine and helps to convert oxides of nitrogen emissions into harmless gas and water vapor.,"Preserves engine and post-treatment system performance
Ensures better driving pleasure 
Reduces emissions of harmful particles - nitrogen oxides"
85,Aminol™ GearSynth 460,"Aminol™ GearSynth 460 is a fully synthetic, premium-performance, extreme-pressure lubricant specifically designed for enclosed industrial gears and bearings that operate under severe load conditions and extreme temperatures. Formulated using synthetic PAO base oils and selected additive technologies, it provides excellent protection against corrosion, wear, micropitting, and offers an extended oil service life due to its exceptional thermal stability",AL/GO-0013,aminoltm-gearsynth-460,Not available,Not available,Not available,Not available,"AIST 224
AGMA 9005-F16-AS
DIN51517-3 (CLP)
ISO 12925-1 Type CKD
FAG
SKF",Not available,,,2025-05-24 08:25:00.201+00,,19,6,"","Aminol™ GearSynth 460 is suitable for application in industrial transmissions, where roller and plain bearings are subjected to high pressure and also for large-scale plants with pressure-feed lubrication systems.","Long drain intervals
Exceptional film strength and extreme pressure resistance
Robust protection against rust and corrosion
Extended equipment life
Effective water separation and demulsification characteristics
Low foaming tendency"
152,Aminol™ AirTec  100,Aminol™ AirTec 100 is a high-performance lube oil specially engineered to meet the stringent requirements of major compressor manufacturers . It has been blended from carefully selected base oils and a well-balanced additive package to ensure excellent corrosion protection and ageing resistance as well as a low tendency to form carbon residues and deposits.,AL/CF-0004,aminoltm-airtec-100,Not available,Not available,Not available,Not available,"DIN 51506 VDL (VB, VC)
ISO 6743/3A  (L-DAA)",Not available,,,2025-05-24 08:25:00.801+00,,12,,"","Reciprocating compressors transmitting air, inert (non-corrosive) and hydrocarbon gases
Reciprocating compressors up to 160 °C compression discharge temperature
Oil lubricated sliding and rolling bearings","Remarkable anti-wear performance 
Better low-temperature fluidity
Resistant to aging over time
Decreased deposits in discharge lines
Improved water-separating properties"
161,Aminol™ AirTec VDL 320,"Aminol™ AirTec VDL 320 is an advanced low-friction compressor oil that combines highly refined conventional base stocks with cutting-edge additive technology. It is specially designed to deliver extraordinary lubrication for centrifugal, piston, rotary screw and sliding vane compressors.",AL/CF-0013,aminoltm-airtec-vdl-320,Not available,Not available,Not available,Not available,"DIN 51506 VDL
ISO 6743/3A  (L-DAB, L-DAC, L-DAH, L-DAG)",Not available,,,2025-05-24 08:25:00.883+00,,12,,"","Reciprocating air compressor crankcases and cylinders
Rotary screw compressors
Rotary vane compressors
Axial and centrifugal compressors
Compressor systems with critical gears and bearings
Compressors used in stationary and mobile applications","Superior thermal and oxidation stability 
Excellent varnish and sludge control 
High load carrying capability 
Enhanced resistance to rusting and corrosion
Outstanding anti-wear, demulsibility and anti-foam properties
Exceptional water separability"
15,Aminol™ Hydraulic HLP 22,"Aminol™ Hydraulic Oil HLP 32 is a premium hydraulic fluid formulated from highly refined mineral oil, enriched with a precisely balanced additive system. Specifically designed to meet the demands of high-pressure and high-output hydraulic systems, it offers enhanced performance, including increased oil life, exceptional wear protection, and excellent control over deposits in various processes",AL/HF-0008,aminoltm-hydraulic-hlp-22,Not available,Not available,Not available,Not available,"DIN 51524 -2; ISO 11158 (HM); ISO 6743/4 (HM); SAE MS 1004; US STEEL 126/127;  JCMAS P041 HK; GM LS-2, SEB 181222",Not available,,,2025-05-24 08:24:59.625+00,,13,,"","Hydraulic systems critical to deposit build-up or where sludge and deposits form with conventional products
Hydraulic systems requiring a high load-carrying capability and anti-wear protection, and when thin oil-film corrosion protection is an asset
Where small amounts of water are unavoidable
Systems containing gears and bearings 
Machines employing a wide range of components using various metallurgy","Exceptional thermal and oxidation stability
Superior wear resistance
Enhanced corrosion protection
Controlled demulsibility
Excellent anti-foam properties
Neutral to seal materials"
23,Aminol™ Hydraulic HLP 22 Zinc Free,"Aminol™ Hydraulic HLP 22 Zinc Free is a high-performance zinc-free ashless hydraulic oil designed for top-notch performance in hydraulic systems, power transmission, and general machine lubrication, especially under moderate to severe conditions. It features a formulation with high-quality mineral base stocks and a special additive technology, effectively preventing corrosion, wear, aging, and friction.",AL/HF-0016,aminoltm-hydraulic-hlp-22-zinc-free,Not available,Not available,Not available,Not available,"DIN 51524-2
ISO 11158 (HM)
ASTM D6158 (HM)
SAE MS 1004
ISO 20763",Not available,,,2025-05-24 08:24:59.693+00,,13,,"","Manufacturing and industrial hydraulic systems
Severe-duty hydraulic service
Marine and mobile hydraulic systems
High-pressure vane, piston, and gear pumps operating at elevated temperatures
Systems employing multi-metal designs in system components","Excellent anti-oxidation and anticorrosion properties.
High thermal-oxidative stability.
Outstanding seal compatibility.
Superior antiwear characteristics.
Great air separation ability.
Extended oil drain intervals."
102,Aminol™ Transmission TN7 75W-80 GL-4,"Aminol™ Transmission TN7 75W-80 GL-4 is a high-performance, high-pressure gear oil made from high-quality base oils and modern additive technology. It ensures a broad application range and optimum transmission lubrication under extreme conditions with long oilchange intervals.",AL/TF-0021,aminoltm-transmission-tn7-75w-80-gl-4,GL-4,Not available,Not available,Not available,VW G 009 317; VW G 052 171; VW G 052 178; VW G 052 512; VW G 052 532; VW G 052 527; VW G 052 726; VW G 052 798; VW G 055 726; BMW MTF LT-1; BMW MTF LT-2; BMW MTF LT-3; BMW MTF LT-4; FORD WSS-M2C200-D2; MB 235.10; MITSUBISHI MZ312644 3005401; NISSAN 999MP-MTF20P KE91699932R; PEUGEOT 9730A2/9730A8; PSA B71 2330,Not available,,,2025-05-24 08:25:00.347+00,,7,25,"","Heavy duty manual transmissions where API GL-4 quality oils are specified.
On-road light and heavy duty trucks, buses, vans and passenger cars.
Off-highway equipment in construction, mining and agriculture
Other applications involving spiral bevel gears or hypoid gears operating under mild to moderate speeds and loads.","Excellent corrosion protection
Superior wear protection
Extremely long oil change intervals
Exceptional seal compatibility
High pressure carrying capacity
Reduction in gear shifting resistance
Reduced gearbox noise
Improved viscosity/temperature characteristics"
218,Aminol™ Super LPG 10W-30,"Aminol™ Super LPG 10W-30 is a superior-quality motor oil specifically designed for gas (VNG, LPG) and bi-fuel-powered engines. Its unique formulation ensures consistent performance, purity, and unmatched protection across various operating conditions.",AL/EO-0034,aminoltm-super-lpg-10w-30,SN/CF,GF-5,Not available,Not available,Not available,Not available,,,2025-05-24 08:25:01.378+00,,1,7,"","Aminol™ Super LPG 10W-30 is recommended for use in all high performance modern passenger cars, operated with LPG.","Improved thermal stability for high-temperature conditions 
Extended protection against engine wear and deposits
Safeguards the engine during startup
Contributes to sludge prevention
High oxidation resistance and long service life"
67,Aminol™ CircoSynth 320 LX,"Aminol™ CircoSynth 320 LX is an exceptional performance circulating, gear, and bearing oil formulated with synthetic base fluids, enhanced with advanced anti-oxidant, anti-wear, anti-rust, and anti-foam additives. It provides outstanding performance, including energy efficiency, filterability, and long service life, even under extremely heavy-duty conditions.",AL/CO-0019,aminoltm-circosynth-320-lx,Not available,Not available,Not available,Not available,"AGMA 9005-F16
DIN 51517-3
ISO 12925-1 Category CKT",Not available,,,2025-05-24 08:25:00.086+00,,14,,"","Filled-for-life gearboxes, particularly high ratio/low-efficiency worm gears
Remote gearboxes, challenging for oil change-out
Mixer roll bearings and roll neck bearings exposed to high temperatures
Plastic calendars
Severe centrifuge applications, including marine centrifuges","Exceptional thermal and oxidation stability
Superb deposit and varnish control
Effective lubrication at high temperatures
High load-carrying capability
Outstanding resistance to rusting and corrosion
Remarkable seal compatibility"
104,Aminol™ Transmission TN9 75W-80 GL-5,"Aminol™ Transmission TN9 75W-80 GL-5 is a next-generation, all-season gear oil with extremely high-performance reserves. It exhibits excellent low-temperature behavior, ensuring precise friction characteristics and offering outstanding resistance to aging",AL/TF-0023,aminoltm-transmission-tn9-75w-80-gl-5,GL-5,Not available,Not available,Not available,"MIL-PRF-2105E, SAE J2360, MAN 342 Type M2, SCANIA STO 1:0, ZF TE-ML 05A/07A/12E/16B/16C/16D/17B/19B/21A",Not available,,,2025-05-24 08:25:00.37+00,,7,25,"","Aminol™ Transmission TN9 75W-80 GL-5 is especially recommended for Peugeot, Citroën and Renault gearboxes. It can also be used in other gearboxes and transaxles where the manufacturer specifies a GL-5 SAE 75W-80 oil.","Exceptional wear durability 
High thermal and oxidation resistance
Outstanding protection against corrosion
Remarkable friction characteristics
Excellent viscosity/temperature attributes
Favorable low-temperature properties"
107,Aminol™ Transmission EP 90 GL-5,"Aminol Transmission EP 90 GL-5 is a high-performance monograde gear oil delivering maximized operational efficiency and enhanced component longevity for contemporary gear systems and transmissions necessitating adherence to API GL-5 performance level.  Its formulation is derived from carefully selected base stocks and precisely balanced extreme pressure additives, serving to furnish robust protection to gear components against wear and scoring.",AL/TF-0026,aminoltm-transmission-ep-90-gl-5,GL-5,Not available,Not available,Not available,"MB 235.0
MAN 342 M1
VOLVO 97310
ZF TE ML-05A/07A/08/16B/16C/17B/19B/21A",Not available,,,2025-05-24 08:25:00.393+00,,7,31,"","Aminol™ Transmission EP 90 GL-5 can be used in spiral bevel and hypoid differentials, power dividers, and oil-lubricated steering axle wheel bearings where API GL-5 oils are recommended.","Impressive load-bearing capacity
Displays extreme pressure (EP) characteristics
Exhibits exceptional resistance to aging
Demonstrates excellent anti-rust and anti-foam properties
Contributes to noise reduction
Possesses commendable anti-wear properties"
210,Aminol™ Super SPG2 10W-40 SN/CF,"Aminol™ Super SPG2 10W-40 SN/CF is a high-tech low-friction engine oil based on synthetic technology. It has specially been designed to keep the engine running like new by providing exceptional wear protection, cleaning power and overall performance.",AL/EO-0026,aminoltm-super-spg2-10w-40-sncf,SN/CF,Not available,A3/B4,Not available,"MB 226.5/229.3 
VW 501.01/505.00
Renault RN 0700/0710
PSA  B71-2300",Not available,,,2025-05-24 08:25:01.316+00,,1,8,"","Aminol™ Super SPG2 10W-40 SN/CF is suitable for use in automotive gasoline and diesel vehicles where the manufacturer recommends: ACEA A3/B4, API SN/CF.","Outstanding engine cleanliness
Exceptional thermal stability and oxidation resistance 
Sustained engine component protection 
Optimized fuel consumption
Minimized harmful exhaust emissions"
227,Aminol™ Classic CS4 10W-40 SF/CC,"Aminol™ Classic CS4 10W-40  SF/CC is a superior-quality mineral engine lubricant that offers dependable protection across a diverse range of operating conditions. Formulated with a precise blend of detergents and dispersants, this lubricant effectively minimizes the formation of sludge and deposits, maintains alkalinity, and reduces wear.",AL/EO-0043,aminoltm-classic-cs4-10w-40-sfcc,SF/CC,Not available,Not available,Not available,Not available,Not available,,,2025-05-24 08:25:01.434+00,,1,8,product/CLASSIC_CS4_10W40_SFCC-4L.png,"Aminol™ Classic CS4 10W-40 SF/CC is suitable for carburetor gasoline and naturally aspirated diesel engines in cars, light trucks, and vans, where a lubricant meeting API SF/CC (or earlier specifications) is required.","Excellent maintenance of engine cleanliness.
Effective protection against wear and corrosion.
Extended intervals between oil changes.
Minimal oil consumption.
Reduced inventory costs for mixed fleet management"
232,Aminol™ Advance AC3 10W-40 SG/CD,Aminol™ Advance AC3 10W-40 SG/CD is a mineral year-round multifunctional motor oil designed to deliver outstanding engine protection and cleanliness. It has been formulated with high quality base stocks and advanced additive technology to guarantee optimum lubrication under all operating conditions.,AL/EO-0048,aminoltm-advance-ac3-10w-40-sgcd,SG/CD,Not available,Not available,Not available,Not available,Not available,,,2025-05-24 08:25:01.48+00,,1,8,"",Aminol™ Advance AC3 10W-40 SG/CD is suitable for use in automotive gasoline and diesel engines where the manufacturer recommends an API SG/CD or earlier specification 10W-40 lubricant.,"Provides excellent protection against wear and extends engine life
Helps to prevent the formation of deposits and sludge, keeping engines clean and running smoothly
Protects engine parts against rust and corrosion
Offers high thermal stability and resistance to oxidation, ensuring long-lasting engine performance"
116,Aminol™ Transmission 75W-90 GL-5/MT-1,"Aminol™ Transmission 75W-90 GL-5/MT-1 is a premium-quality synthetic transmission fluid developed for use in synchronized or non-synchronized manual gearboxes, axles, and reduction gears. Formulated with advanced synthetic base stocks and rigorously tested extreme pressure additive technology, it delivers excellent performance and outstanding gear protection.",AL/TF-0035,aminoltm-transmission-75w-90-gl-5mt-1,GL-5/MT-1,Not available,Not available,Not available,"MACK GO-J, MIL-PRF-2105E, SAE J2360, MB 235.0, MAN 342 Type M2, SCANIA STO 1:0, Renault, DAF, MAN 341 GA1/Z2, ZF TE-ML 02B/04G/05A/07A/08/12L/16F/17H/19C/21A/24A",Not available,,,2025-05-24 08:25:00.493+00,,7,24,"","Aminol™ Transmission 75W-90 GL-5/MT-1 is suitable for differentials, axles, speed transfer cases, and steering equipment of vehicles operating under maximum load conditions, where the equipment manufacturer recommends the use of a transmission oil with API GL-5 classification.","Excellent thermo-oxidative stability.
Outstanding load-bearing characteristics.
Effective rust and corrosion protection.
Superior low-temperature fluidity.
Exceptional frictional properties.
Reduced wear and ease of start-up, even in arctic conditions.
Improved synchronizer performance and prolonged component life."
119,Aminol™ Special Generation SLD3 10W-40 CK-4,"Aminol™ Special Generation SLD3 10W-40 CK-4 is an advanced low-friction heavy-duty diesel engine oil, engineered to enhance engine longevity and offer extended drain intervals. It has been specifically designed for use in commercial vehicle diesel engines meeting Euro IV, Euro V, and Euro VI emissions standards, equipped with exhaust aftertreatment systems and soot particle filters (DPF/CRT), as well as in all gas-powered vehicles (CNG/LPG).",AL/EO-0051,aminoltm-special-generation-sld3-10w-40-ck-4,CK-4/SN,Not available,E6/E7/E9,Not available,"MAN M3775
Deutz DQC IV-18 LA
Volvo VDS - 4.5
Mack EOS - 4.5
Renault Trucks RLD-3
Cummins CES 20086
CAT ECF3
MB 228.31/228.51/228.52","Chrysler MS-10902, 
Cummins CES 20081,
Detroit Diesel DFS 93K222, 
Deutz DQC III-10 LA, MTU Typ 3.1",,,2025-05-24 08:25:00.528+00,,1,8,"","Aminol™ Special Generation SLD3 10W-40 CK-4 can be used in naturally aspirated and turbocharged heavy duty diesel engines, both in mobile and stationary equipment, where the API CK-4 service category and SAE 10W-40 viscosity grade are specified.","Effective control of soot-related oil thickening
High TBN retention for longer drain intervals
Resistant to oil consumption, oxidation, corrosion, and wear
Exceptional aeration control
Strong shear stability
Improved oxidation stability"
151,Aminol™ AirTec  68,Aminol™ AirTec  68 is a high-performance lube oil specially engineered to meet the stringent requirements of major compressor manufacturers . It has been blended from carefully selected base oils and a well-balanced additive package to ensure excellent corrosion protection and ageing resistance as well as a low tendency to form carbon residues and deposits.,AL/CF-0003,aminoltm-airtec-68,Not available,Not available,Not available,Not available,"DIN 51506 VDL (VB, VC)
ISO 6743/3A  (L-DAA)",Not available,,,2025-05-24 08:25:00.795+00,,12,,"","Reciprocating compressors transmitting air, inert (non-corrosive) and hydrocarbon gases
Reciprocating compressors up to 160 °C compression discharge temperature
Oil lubricated sliding and rolling bearings","Remarkable anti-wear performance 
Better low-temperature fluidity
Resistant to aging over time
Decreased deposits in discharge lines
Improved water-separating properties"
155,Aminol™ AirTec 320,Aminol™ AirTec  320 is a high-performance lube oil specially engineered to meet the stringent requirements of major compressor manufacturers . It has been blended from carefully selected base oils and a well-balanced additive package to ensure excellent corrosion protection and ageing resistance as well as a low tendency to form carbon residues and deposits.,AL/CF-0007,aminoltm-airtec-320,Not available,Not available,Not available,Not available,"DIN 51506 VDL (VB, VC)
ISO 6743/3A  (L-DAA)",Not available,,,2025-05-24 08:25:00.829+00,,12,,"","Reciprocating compressors transmitting air, inert (non-corrosive) and hydrocarbon gases
Reciprocating compressors up to 160 °C compression discharge temperature
Oil lubricated sliding and rolling bearings","Remarkable anti-wear performance 
Better low-temperature fluidity
Resistant to aging over time
Decreased deposits in discharge lines
Improved water-separating properties"
157,Aminol™ AirTec VDL 68,"Aminol™ AirTec VDL 68 is an advanced low-friction compressor oil that combines highly refined conventional base stocks with cutting-edge additive technology. It is specially designed to deliver extraordinary lubrication for centrifugal, piston, rotary screw and sliding vane compressors.",AL/CF-0009,aminoltm-airtec-vdl-68,Not available,Not available,Not available,Not available,"DIN 51506 VDL
ISO 6743/3A  (L-DAB, L-DAC, L-DAH, L-DAG)",Not available,,,2025-05-24 08:25:00.845+00,,12,,"","Reciprocating air compressor crankcases and cylinders
Rotary screw compressors
Rotary vane compressors
Axial and centrifugal compressors
Compressor systems with critical gears and bearings
Compressors used in stationary and mobile applications","Superior thermal and oxidation stability 
Excellent varnish and sludge control 
High load carrying capability 
Enhanced resistance to rusting and corrosion
Outstanding anti-wear, demulsibility and anti-foam properties
Exceptional water separability"
9,Aminol™ Hydraulic 46,"Aminol™ Hydraulic 46 is a high-quality mineral oil-based hydraulic fluid enriched with additives to improve aging stability and guard against corrosion. With anti-foaming properties, it offers protection against wear and rust while demonstrating excellent filterability.",AL/HF-0002,aminoltm-hydraulic-46,Not available,Not available,Not available,Not available,"DIN 51524-1 (HL)
DIN 51517-2 (CL)
ISO 11158 HL
ISO-L-HL",Not available,,,2025-05-24 08:24:59.568+00,,13,,"","Low- and medium-duty hydraulic systems where antiwear performance is not required.
Circulation systems.
Low-duty equipment.","Good thermal and oxidation stability
Stable lubricating film between friction surfaces
Extended oil change intervals and equipment lifetime
Rapid air release, coupled with low foaming
Effective corrosion protection"
75,Aminol™ Gear Oil CLP 100,"Aminol™ Gear Oil CLP 100 is a premium quality industrial gear oil with outstanding extreme pressure characteristics, made of carefully selected base stocks and the latest sulfur phosphorus additives. Its special active substance combination offers excellent load carrying capacity and micro-pitting performance providing long component life even under shock loading conditions.",AL/GO-0003,aminoltm-gear-oil-clp-100,Not available,Not available,Not available,Not available,"AIST 224
David Brown S1.53.101(E)
AGMA 9005-E02
DIN51517-3 (CLP)
ISO 12925-1 Type CKC",Not available,,,2025-05-24 08:25:00.129+00,,19,6,"","Aminol™ Gear Oil CLP 100 is recommended for industrial applications operating under heavy duty conditions such as heavy loading, slow speed, shock loads and in wide extremes of temperature. This includes, but is not limited to, enclosed industrial spur, bevel, herringbone, helical and epicyclic gears, chain drives, sprockets and most metal-on-metal systems requiring extreme-pressure lubricant.","Outstanding wear protection 
Exceptional sludge and deposit control
Low tendency to foam
Excellent anti-corrosion properties
High pressure-absorption capability
Extended equipment life
Better compatibility with seal materials"
59,Aminol™ Circulating Oil 150 RM,"Aminol™ Circulating Oil 150 RM is a high-performance lubricant engineered to offer exceptional protection in demanding industrial bearing and circulating applications, notably in challenging environments like 'No-Twist' Rod Mill Systems. It's formulated with high-quality base stocks and specially chosen additives to provide outstanding antiwear and antioxidant properties",AL/CO-0011,aminoltm-circulating-oil-150-rm,Not available,Not available,Not available,Not available,"Danieli 0.000.001 Type 21
Morgan No-Twist Mill (Spec MMC40003)
DIN 51524 Part 1 & 2
ISO 11158 HL & HM
Schuler Pressen DT 55055 01.2014",Not available,,,2025-05-24 08:25:00.041+00,,14,,"","No Twist Rod Mills
General industrial bearing and circulating systems
Enclosed industrial gear systems","Excellent protection for lubricated components
Ensures a robust lubricating film
Maximizes efficiency of the water removal system
Minimizes the risk of unscheduled maintenance
Extends the life of the oil charge, prolonging re-lubrication intervals"
136,Aminol™ Advance AC4 20W-50 CF-4/SG,"Aminol™ Advance AC4 20W-50 CF-4/SG is a high performance, heavy duty engine oil that provides proven protection to naturally aspirated and turbo charged diesel engines operating under a wide variety of service conditions. It has been designed to meet the requirements of API CF-4, CF and SG performance categories.",AL/EO-0068,aminoltm-advance-ac4-20w-50-cf-4sg,CF-4/SG,Not available,Not available,Not available,Not available,"ACEA E2
MAN M270
MB 228.1
MTU Type 1
Caterpillar TO-2
Allison C-4",,,2025-05-24 08:25:00.663+00,,1,12,"","Wide range of turbocharged and non-turbocharged diesel engines requiring API CF-4, CF as well as SG performances, and meeting Euro 2 emission standard 
On-highway heavy-duty trucks, buses including mixed fleets with gasoline engines
Off-highway applications including agriculture, mining, construction, quarrying vehicles","Improved protection against corrosion, and deposits
Exceptional engine cleanliness and reduced sludge formation
Excellent viscosity control and engine protection in high-temperature operations
Superior cold-start performance and wear protection during low-temperature operations
Outstanding piston and ring seal protection
Compatible with most engine seals and gaskets"
8,Aminol™ Hydraulic 32,"Aminol™ Hydraulic 32 is a high-quality mineral oil-based hydraulic fluid enriched with additives to improve aging stability and guard against corrosion. With anti-foaming properties, it offers protection against wear and rust while demonstrating excellent filterability.",AL/HF-0001,aminoltm-hydraulic-32,Not available,Not available,Not available,Not available,"DIN 51524-1 (HL)
DIN 51517-2 (CL)
ISO 11158 HL
ISO-L-HL",Not available,,,2025-05-24 08:24:59.558+00,,13,,"","Low- and medium-duty hydraulic systems where antiwear performance is not required.
Circulation systems.
Low-duty equipment.","Good thermal and oxidation stability
Stable lubricating film between friction surfaces
Extended oil change intervals and equipment lifetime
Rapid air release, coupled with low foaming
Effective corrosion protection"
32,Aminol™ Hydraulic HVLP 68,"Aminol™ HVLP 68 is a high-performance anti-wear hydraulic oil derived from premium quality raffinates. Engineered to deliver exceptional protection and performance, it excels in various applications, including most mobile equipment, operating efficiently across a wide range of ambient temperatures.",AL/HF-0025,aminoltm-hydraulic-hvlp-68,Not available,Not available,Not available,Not available,"DIN 51524-3 (HV); ISO 11158 (HV); Bosch Rexroth RDE 90235; Denison HF-0/HF-1/HF-2; Eaton E-FDGN-TB002-E; Fives Cincinnati P69; GB 11118.1-2011 (L-HV); ASTM D6158 (HV); GM LS 2; AIST 126, 127; SAE MS 1004, SEB 181222",Not available,,,2025-05-24 08:24:59.782+00,,13,,"","Industrial and mobile equipment hydraulic systems operating at high pressures and temperatures in critical applications
Systems where cold start-up and high operating temperatures are typical
Systems requiring a high degree of load-carrying capability and anti-wear protection
Machines employing a wide range of components using various metallurgy","Exceptional thermal and oxidation stability
Superior wear resistance
Enhanced corrosion protection
Excellent anti-foam properties
Ultra clean performance"
108,Aminol™ Transmission EP 140 GL-5,"Aminol Transmission EP 140 GL-5 is a high-performance monograde gear oil delivering maximized operational efficiency and enhanced component longevity for contemporary gear systems and transmissions necessitating adherence to API GL-5 performance level.  Its formulation is derived from carefully selected base stocks and precisely balanced extreme pressure additives, serving to furnish robust protection to gear components against wear and scoring.",AL/TF-0027,aminoltm-transmission-ep-140-gl-5,GL-5,Not available,Not available,Not available,MIL-L 2105 D,Not available,,,2025-05-24 08:25:00.405+00,,7,32,"","Aminol™ Transmission EP 140 GL-5 can be used in spiral bevel and hypoid differentials, power dividers, and oil-lubricated steering axle wheel bearings where API GL-5 oils are recommended.","Impressive load-bearing capacity
Displays extreme pressure (EP) characteristics
Exhibits exceptional resistance to aging
Demonstrates excellent anti-rust and anti-foam properties
Contributes to noise reduction
Possesses commendable anti-wear properties"
159,Aminol™ AirTec VDL 150,"Aminol™ AirTec VDL 150 is an advanced low-friction compressor oil that combines highly refined conventional base stocks with cutting-edge additive technology. It is specially designed to deliver extraordinary lubrication for centrifugal, piston, rotary screw and sliding vane compressors.",AL/CF-0011,aminoltm-airtec-vdl-150,Not available,Not available,Not available,Not available,"DIN 51506 VDL
ISO 6743/3A  (L-DAB, L-DAC, L-DAH, L-DAG)",Not available,,,2025-05-24 08:25:00.865+00,,12,,"","Reciprocating air compressor crankcases and cylinders
Rotary screw compressors
Rotary vane compressors
Axial and centrifugal compressors
Compressor systems with critical gears and bearings
Compressors used in stationary and mobile applications","Superior thermal and oxidation stability 
Excellent varnish and sludge control 
High load carrying capability 
Enhanced resistance to rusting and corrosion
Outstanding anti-wear, demulsibility and anti-foam properties
Exceptional water separability"
174,Aminol™ AgriMaster STOU 15W-40,"Aminol™ AgriMaster STOU 15W-40, designed for agricultural machinery, is a multifunctional lubricating oil formulated with top-grade solvent-refined base oils and a unique additive system. Ensuring long-term reliability and an extended operational life, it has universal application in engines, transmissions, hydraulic systems, fluid flywheels, and wet brakes.",AL/TO-0004,aminoltm-agrimaster-stou-15w-40,CF-4/CG-4/SF/GL-4,Not available,E3,Not available,"ZF TE-ML 06B/6C/6R/07B, MF M1135/M1139/1143/M1144/M1145, Allison C4, Caterpillar TO-2, JD J20C/J20D/J27, NH 030C/024C/410B/420A, NH 82009201/2/3, CNH MAT 3525/3526, Case MS 1204/6/7/9, Ford M2C159B/C, Ford M2C86B/C, Ford M2C134D, MB 227.1, Danfoss, Eaton M2950S/1-286-S",Not available,,,2025-05-24 08:25:01.009+00,,4,15,"","Aminol™ AgriMaster STOU 15W-40 is recommended for use in modern tractors and agricultural machinery equipped with or without turbocharged diesel engines. It is also universally applicable for the transmission, power take-off, final drive, hydraulic system, and oil-immersed wet brakes.","Excellent thermal- and oxidation stability
Superior dispersancy and detergency
Exceptional cold start properties
Improved protection against wear, corrosion and foam
Outstanding oil film strength
High pressure-absorption capability"
45,Aminol™ Hydraulic  WR HLP 68,"Aminol™ Hydraulic  WR HLP 68 is a premium-grade hydraulic oil blended with highly refined base oils and an advanced additive package. Its formulation exhibits enhanced features, including superior antioxidant, anti-corrosive, anti-wear, anti-foam, and viscosity properties.",AL/HF-0039,aminoltm-hydraulic-wr-hlp-68,Not available,Not available,Not available,Not available,"DIN 51524-2 (HLP), Sulzer, KraussMaffei",Not available,,,2025-05-24 08:24:59.903+00,,13,,"","Aminol™ Hydraulic  WR HLP 68 is recommended for application in the hydraulic systems of industrial equipment that operate under rigorous mechanical and thermal demands. It is particularly well-suited for deployment in conditions of severe waterlogging, ensuring optimal performance and reliability","Minimizes equipment wear.
Extends service life.
Exhibits excellent anti-foam properties.
Improves air separation.
Well-suited for use in heavily watered systems."
27,Aminol™ Hydraulic HLP 100 Zinc Free,"Aminol™ Hydraulic HLP 100 Zinc Free is a high-performance zinc-free ashless hydraulic oil designed for top-notch performance in hydraulic systems, power transmission, and general machine lubrication, especially under moderate to severe conditions. It features a formulation with high-quality mineral base stocks and a special additive technology, effectively preventing corrosion, wear, aging, and friction.",AL/HF-0020,aminoltm-hydraulic-hlp-100-zinc-free,Not available,Not available,Not available,Not available,"DIN 51524-2
ISO 11158 (HM)
ASTM D6158 (HM)
SAE MS 1004
ISO 20763",Not available,,,2025-05-24 08:24:59.74+00,,13,,"","Manufacturing and industrial hydraulic systems
Severe-duty hydraulic service
Marine and mobile hydraulic systems
High-pressure vane, piston, and gear pumps operating at elevated temperatures
Systems employing multi-metal designs in system components","Excellent anti-oxidation and anticorrosion properties.
High thermal-oxidative stability.
Outstanding seal compatibility.
Superior antiwear characteristics.
Great air separation ability.
Extended oil drain intervals."
41,Aminol™ Hydraulic HLPD 68,"Aminol™ Hydraulic HLPD 68 is a premium-quality hydraulic fluid with pronounced detergent and dispersing properties. It ensures consistently high performance and ultimate cleanliness in industrial and mobile hydraulic systems, even under heavy load conditions and in environments affected by water and dust.",AL/HF-0035,aminoltm-hydraulic-hlpd-68,Not available,Not available,Not available,Not available,"DIN 51524-2 (HLPD)
ISO 6743/4 (HM)
MAN N 698
Daimler DBL 6721",Not available,,,2025-05-24 08:24:59.866+00,,13,,"","Aminol™ Hydraulic HLPD 68 is suitable for a broad spectrum of industrial and manufacturing applications that demand a high level of dispersancy, especially in instances of water ingress or contamination. It is particularly recommended for use in the hydraulic systems of machine tools, where there is a risk of water-mixed cutting fluids entering the hydraulic system.","Outstanding water emulsifying ability
Superior anti-wear properties
Remarkable resistance to oxidation and thermal degradation
Exceptional foam control and rapid air release properties
Effective corrosion protection
Excellent cleaning properties"
52,Aminol™ Circulating Oil 100 AW,"Aminol™ Circulating Oil 100 AW is a rust and oxidation inhibited, anti-wear circulating oil developed to provide effective lubrication for friction parts and diverse mechanisms. It is blended with high-quality mineral base oils and a carefully selected additive package to prevent oxidation, corrosion, and wear.",AL/CO-0004,aminoltm-circulating-oil-100-aw,Not available,Not available,Not available,Not available,"DIN 51524/1 (HL)
DIN 51517-2 (CL)
ISO 11158 (HL)
ISO-L-HL",Not available,,,2025-05-24 08:24:59.971+00,,14,,"","Aminol™ Circulating Oil 32 AW is a multipurpose oil suitable for lubricating assembly blocks in machines and devices that don't require extreme pressure properties. It's also ideal for moderately loaded gears, gear couplings, hydraulic pumps, and various bearings, including high-temperature paper machine bearings, where EP properties are not needed","Excellent oxidation and thermal stability
Outstanding anti-wear characteristics
Remarkable water-separating properties
Exceptional foam resistance
Effective protection against rust and corrosion"
70,Aminol™ Paper Machine Oil 150,"Aminol™ Paper Machine Oil 150 is a high-performance paper machine circulating oil, utilizing ashless additive technology. It is engineered to deliver excellent lubrication performance while safeguarding equipment components from rust and corrosion.",AL/CO-0022,aminoltm-paper-machine-oil-150,Not available,Not available,Not available,Not available,"DIN 51524-2 (HLP)
DIN 51517-3 (CLP)
Voith VN 108
SKF
Metso
Anderitz
Beloit",Not available,,,2025-05-24 08:25:00.098+00,,14,,"","Circulating oil systems for paper machines
Suction box pumps, vacuum and white water pumps, agitators, reduction gears, and gear head motors
Oil circulation systems for pulp grinders and pulp refiners
Gear drive units and pumps in industrial applications
Plain and antifriction bearings operating at elevated temperatures","Excellent oxidation resistance and thermal stability
High load-carrying capability
Outstanding demulsibility
Improved rust and corrosion protection
Exceptional filterability"
249,Aminol™ Quench Oil 100,"Aminol™ Quenching Oil 100 is a high-quality quenching fluid designed for the heat treatment of ferrous metals across various quenching processes. Crafted to facilitate deep and uniform hardening, it minimizes distortion and cracking, ensuring a smooth surface finish.",AL/QO-0004,aminoltm-quench-oil-100,Not available,Not available,Not available,Not available,"ISO 6743-14 L-UHA
ISO 6743-14 L-UHB",Not available,,,2025-05-24 08:25:01.685+00,,17,,"","Aminol™ Quenching Oil 100 is recommended for the conventional and fast quenching of ferrous metals, such as carbon steel, gray iron, and alloy steel.","Controlled cooling rate to minimize cracking and distortion
Achieves a good surface finish
Demonstrates excellent oxidation resistance and thermal stability
Low volatility reduces oil loss through vaporization"
103,Aminol™ Transmission TN8 75W-140 GL-5,"Aminol™ Transmission TN8 75W-140 GL-5 is a versatile gear oil engineered to meet demanding performance standards, including API GL-5 specifications. Tailored explicitly for robust drivetrains, it caters to gear lubrication needs requiring high viscosity and exceptional load-bearing capacity, ideal for environments with extreme pressures and shock loading.",AL/TF-0022,aminoltm-transmission-tn8-75w-140-gl-5,GL-5,Not available,Not available,Not available,"MIL-L 2105 D 
MAN 342  M2
ZF TE-ML 05A/07A/12E/16B/16C/16D/17B/19B/21A",Not available,,,2025-05-24 08:25:00.36+00,,7,28,"","Heavy duty manual transmissions, axles and final drives requiring API GL-5 performance
On highway light and heavy duty trucks, busses and vans
Off highway industries including: construction, mining, quarrying, and agriculture
Other heavy duty industrial gear drives including hypoid and worm gears operating under conditions where high speed/shock load, high speed/low torque, and/or low speed/high torque conditions prevail","Exceptional thermal and oxidation stability
Extended gear and bearing life
Outstanding protection against wear in various speeds and torques
Increased load-carrying capability
Retention of viscosity and film strength under severe conditions
Exceptional low-temperature fluidity compared to mineral oils
Reduced wear and easy start-up
Good resistance to foaming"
128,Aminol™ Premium PMD2 10W-40 CI-4/SL,"Aminol™ Premium PMD2 10W-40 CI-4/SL is an extra high-performance heavy-duty diesel engine oil designed to provide long engine life and extended drain capability for today’s diesel engines operating in severe applications. Its advanced chemistry delivers outstanding performance in both modern, demanding low-emission diesel engines and older diesel engines operating on low or high sulfur fuel.",AL/EO-0060,aminoltm-premium-pmd2-10w-40-ci-4sl,CI-4/SL,Not available,E7,DH-1,"Global DHD-1; MB 228.3; MTU Type 2; Volvo VDS 3; Mack EO-N; Renault RLD-2; Cummins CES 20078; DDC 93K215; Deutz DQC III-18; MAN 3275-1, CAT ECF 1a",Not available,,,2025-05-24 08:25:00.611+00,,1,8,"","Aminol™ Premium PMD2 10W-40 CI-4/SL is recommended for use in modern four-stroke diesel engines of heavy duties under severe conditions, including vehicles equipped with EGR and SCR NOx reduction systems (not suitable for Diesel Particulate Filters). It fulfills the requirements of the EU Euro I/II/III/IV/V emission standards.","Extended service intervals and long-drain oil refreshment periods
High thermal and oxidation stability
Low volatility, excellent wear and bore polish control
Easy cold start-up 
Advanced detergent/dispersant properties
Outstanding engine cleanliness"
185,Aminol™ Special Generation SLG1 0W-20 SP/GF-6A,"Aminol™ Special Generation SLG1 0W-20 SP/GF-6A is a modern, high-quality, fuel-efficient engine oil designed particularly for year-round application in Asian and American vehicles. The utilization of unconventional base oils employing synthesis technology, along with state-of-the-art additives, yields an engine oil that offers wear protection, decreased oil and fuel consumption, engine cleanliness, and rapid oil distribution throughout the engine.",AL/EO-0001,aminoltm-special-generation-slg1-0w-20-spgf-6a,SP,GF-6A,Not available,Not available,"GM dexos1 Gen 3
Chrysler MS-6395  
Ford WSS-M2C 962-A1
Ford WSS-M2C 947-B1","ACEA C2, API CF, BMW Longlife-01 FE (up to 2018), Fiat 9.55535-S1, VW 500.00, VW 501.01, VW 502.00, VW 503.00, VW 503.01, VW 505.00, 
VW 505.01, VW 506.00, 
VW 506.01 (with the exception of R5 and V10 TDI engines before 6/2006)",,,2025-05-24 08:25:01.12+00,,1,2,"","Aminol™ Special Generation SLG1 0W-20 SP/GF-6A is recommended for SAE 0W-20 applications in all types of modern gasoline-powered vehicles, including high-performance turbocharged, supercharged, multi-valve fuel-injected engines found in passenger cars, SUVs, light vans, and light trucks. It is particularly well-suited for use in the latest downsized engines equipped with Stop & Start technologies and hybrid engines that require very fluid synthetic engine oils.","Outstanding wear protection
Exceptional performance in low-temperature conditions
Extraordinary resistance to oxidation
Excellent frictional characteristics
Minimal evaporation loss
Reduction in lubricant-associated exhaust emissions"
106,Aminol™ Transmission 140 GL-1,"Aminol Transmission 140 GL-1 is a mineral-based gear oil with rust and oxidation inhibiting properties. Manufactured from highly refined base stocks and chosen performance additives, it has been tailored for application in automotive and industrial gearboxes, as well as manual transmissions, where API GL-1 straight mineral, non-EP lubricant in SAE viscosity grades 140 is recommended.",AL/TF-0025,aminoltm-transmission-140-gl-1,GL-1,Not available,Not available,Not available,Not available,Not available,,,2025-05-24 08:25:00.386+00,,7,30,"",Aminol™ Transmission 140 GL-1 is recommended for many types of automotive and industrial equipment where the equipment suppliers recommend the use of a straight mineral oil in SAE viscosity grades 140.,"Optimal lubricant film formation via high-viscosity index base stocks
Enhanced rust protection for prolonged equipment life
Efficient antifoam properties for extended gear and bearing longevity"
148,Aminol™  ATF DX-IID,"Aminol™  ATF DX-IID is a high-performance automatic transmission oil engineered for use in vehicles equipped with torque converter and power shift transmissions. It has been designed to deliver seamless operation of automatic gearboxes, ensuring minimal wear, prolonged transmission service life, and improved fuel efficiency.",AL/TF-0006,aminoltm-atf-dx-iid,Not available,Not available,Not available,Not available,"Allison C4, Allison TES 389, GM Dexron IID, GM Dexron IIE, GM Dexron TASA (Typ A/Suffix A), Voith H55. 6335.XX (G 607), MAN 339 Typ. L1, MAN 339 Typ. L2,MAN 339 Typ. Z1, MAN 339 Typ. V1, DTFR 13C100 (MB 236.1), Volvo CE97340, Volvo CE97341, ZF TE-ML 03D , ZF TE-ML 05L, ZF TE-ML 21L, ZF TE-ML 09, ZF TE-ML 11A, ZF TE-ML 11B, ZF TE-ML  04D, ZF TE-ML 14A, ZF TE-ML 17C",Not available,,,2025-05-24 08:25:00.767+00,,5,14,"","Aminol™  ATF DX-IID can be used in most passenger cars, forklift trucks, and buses of European, American, or Japanese origin where Dexron II-D type ATF is recommended. It is also suitable for certain power steering systems, torque converters, change-gearboxes, fluid clutches, and non-complicated hydraulic systems.","Improved low-temperature fluidity
Outstanding thermal and oxidation stability
Excellent friction characteristics
Exceptional detergent-dispersant properties
Compatibility with all common seal materials"
166,Aminol™ Classic CS2 SAE 40 CF-4/SG,"Aminol™ Classic CS2 SAE 40 CF-4/SG is a premium monograde mineral engine oil designed for robust performance in heavy-load diesel-powered engines, both those equipped with a turbocharger and those without, especially when operating under demanding and challenging conditions.",AL/EO-0076,aminoltm-classic-cs2-sae-40-cf-4sg,CF-4/SG,Not available,Not available,Not available,Not available,"MB-227.0, MIL L-2104 E, MIL L-46152 E",,,2025-05-24 08:25:00.923+00,,1,18,"",Aminol™ Classic CS2 SAE 40 CF-4/SG is suitable for use in naturally aspirated and supercharged diesel engines operating under mild duty service conditions.,"Provides excellent oxidation stability and effective deposit control, ensuring consistent engine cleanliness and reliability.
Engineered to minimize wear and extend maintenance intervals.
Formulated to reduce oil consumption, thus managing costs effectively.
Its superior detergency effectively manages piston ring deposits and controls sludge buildup."
225,Aminol™ Premium PMG6 5W-30 SL/CF,"Aminol™ Premium PMG6 5W-30 SL/CF is a universal high-performance engine oil with particularly good dirt-suspending and cleaning power. It has been engineered to ensure the greatest lubricating film stability, ideal oil pressure and maximum wear protection even under critical conditions.",AL/EO-0041,aminoltm-premium-pmg6-5w-30-slcf,SL/CF,Not available,Not available,Not available,"MB 229.3 
VW 502.00/505.00 
Renault RN 0700/0710",Not available,,,2025-05-24 08:25:01.418+00,,1,14,"",Aminol™ Premium PMG6 5W-30 SL/CF is suitable for use in automotive gasoline and diesel vehicles where the manufacturer recommends:  API SL/CF.,"Superior thermal and oxidation stability
Outstanding wear and deposit control
Excellent detergent/dispersant properties
Instant lubrication after cold start
Steadfast oil drain intervals
Favorable viscosity range
Confident corrosion protection"
17,Aminol™ Hydraulic  HLP 46,"Aminol™ Hydraulic Oil HLP 32 is a premium hydraulic fluid formulated from highly refined mineral oil, enriched with a precisely balanced additive system. Specifically designed to meet the demands of high-pressure and high-output hydraulic systems, it offers enhanced performance, including increased oil life, exceptional wear protection, and excellent control over deposits in various processes",AL/HF-0010,aminoltm-hydraulic-hlp-46,Not available,Not available,Not available,Not available,"DIN 51524 -2; ISO 11158 (HM); ISO 6743/4 (HM); GB 11118.1-2011; SAE - MS 1004; US STEEL 126/127; Bosch Rexroth RDE 90235; Denison HF-0/HF-1/HF-2; Eaton E-FDGN-TB002-E; Fives Cincinnati P70; ASTM D6158 (HM); JCMAS P041 HK; GM LS-2, SEB 181222",Not available,,,2025-05-24 08:24:59.644+00,,13,,"","Hydraulic systems critical to deposit build-up or where sludge and deposits form with conventional products
Hydraulic systems requiring a high load-carrying capability and anti-wear protection, and when thin oil-film corrosion protection is an asset
Where small amounts of water are unavoidable
Systems containing gears and bearings 
Machines employing a wide range of components using various metallurgy","Exceptional thermal and oxidation stability
Superior wear resistance
Enhanced corrosion protection
Controlled demulsibility
Excellent anti-foam properties
Neutral to seal materials"
50,Aminol™ Circulating Oil 46 AW,"Aminol™ Circulating Oil 46 AW is a rust and oxidation inhibited, anti-wear circulating oil developed to provide effective lubrication for friction parts and diverse mechanisms. It is blended with high-quality mineral base oils and a carefully selected additive package to prevent oxidation, corrosion, and wear.",AL/CO-0002,aminoltm-circulating-oil-46-aw,Not available,Not available,Not available,Not available,"DIN 51524/1 (HL)
DIN 51517-2 (CL)
ISO 11158 (HL)
ISO-L-HL",Not available,,,2025-05-24 08:24:59.954+00,,14,,"","Aminol™ Circulating Oil 32 AW is a multipurpose oil suitable for lubricating assembly blocks in machines and devices that don't require extreme pressure properties. It's also ideal for moderately loaded gears, gear couplings, hydraulic pumps, and various bearings, including high-temperature paper machine bearings, where EP properties are not needed","Excellent oxidation and thermal stability
Outstanding anti-wear characteristics
Remarkable water-separating properties
Exceptional foam resistance
Effective protection against rust and corrosion"
79,Aminol™ Gear Oil CLP 460,"Aminol™ Gear Oil CLP 460 is a premium quality industrial gear oil with outstanding extreme pressure characteristics, made of carefully selected base stocks and the latest sulfur phosphorus additives. Its special active substance combination offers excellent load carrying capacity and micro-pitting performance providing long component life even under shock loading conditions.",AL/GO-0007,aminoltm-gear-oil-clp-460,Not available,Not available,Not available,Not available,"AIST 224
David Brown S1.53.101(E)
AGMA 9005-E02
DIN51517-3 (CLP)",Not available,,,2025-05-24 08:25:00.158+00,,19,6,"","Aminol™ Gear Oil CLP 460 is recommended for industrial applications operating under heavy duty conditions such as heavy loading, slow speed, shock loads and in wide extremes of temperature. This includes, but is not limited to, enclosed industrial spur, bevel, herringbone, helical and epicyclic gears, chain drives, sprockets and most metal-on-metal systems requiring extreme-pressure lubricant.","Outstanding wear protection 
Exceptional sludge and deposit control
Low tendency to foam
Excellent anti-corrosion properties
High pressure-absorption capability
Extended equipment life
Better compatibility with seal materials"
111,Aminol™ Transmission 75W-90 LS GL-5,"Aminol is a synthetic extra high performance multi-functional gear lubricant designed with “limited slip” properties. It is formulated from synthetic base oils and an advanced additive system to assure excellent protection of the gears against metal-to-metal contact under the most severe conditions, including shock-loads.",AL/TF-0030,aminoltm-transmission-75w-90-ls-gl-5,GL-5,Not available,Not available,Not available,"MIL-L 2105D
MAN 342 Type M2
MACK GO-J
SAE J2360
ZF TE-ML 05C/21C
SCANIA STO 1:0",Not available,,,2025-05-24 08:25:00.432+00,,7,24,"","Aminol™ Transmission 75W-90 LS GL-5 is recommended for use in all types of synchronized manual transmissions (including heavy-duty), in differentials (including LS with excessive friction), steering equipment and other transmission parts where API GL-5 LS oil is required.","High thermo-oxidative stability
Exceptional load bearing characteristics 
Effective rust and corrosion protection
Outstanding low temperature fluidity 
Superior frictional properties 
Excellent limited slip performance"
124,Aminol™ Super SPD3 10W-40 CJ-4/SN,"Aminol™ Super SPD3 10W-40 CJ-4/SN is a low-SAPS, high-performance heavy-duty diesel engine oil deveoped for on-road and off-road applications. Its formulation has been precisely crafted, employing a judicious selection of components to ensure optimal wear control, efficient soot management, and dependable oil stability, especially in engines operating under rigorous conditions.",AL/EO-0056,aminoltm-super-spd3-10w-40-cj-4sn,CJ-4/SN,Not available,E-9,Not available,"MB-228.31
Cummins CES 20081
CAT ECF-3
Volvo VDS-4
Mack EO-O PP
Renault RLD-3
DDC 93K218
MAN 3575 
MTU Type-2.1
Deutz DQC III-18 LA",Not available,,,2025-05-24 08:25:00.58+00,,1,8,"","Aminol™ Super SPD3 10W-40 CJ-4/SN is recommended for use in the latest turbocharged or supercharged high-performance diesel engines operating under severe conditions. Well-suited for extended drain intervals, it proves ideal for both on-road and off-road applications.","Ensures superior performance and extends engine life.
Reduces emissions and extends the lifespan of emissions control systems
Provides exceptional wear protection
Effectively manages soot produced during combustion
Ensures reliable oil stability, even under severe operating conditions
Optimizes lubrication properties
Enables extended drain intervals"
68,Aminol™ CircoSynth 460 LX,"Aminol™ CircoSynth 460 LX is an exceptional performance circulating, gear, and bearing oil formulated with synthetic base fluids, enhanced with advanced anti-oxidant, anti-wear, anti-rust, and anti-foam additives. It provides outstanding performance, including energy efficiency, filterability, and long service life, even under extremely heavy-duty conditions.",AL/CO-0020,aminoltm-circosynth-460-lx,Not available,Not available,Not available,Not available,"AGMA 9005-F16
DIN 51517-3
ISO 12925-1 Category CKT",Not available,,,2025-05-24 08:25:00.091+00,,14,,"","Filled-for-life gearboxes, particularly high ratio/low-efficiency worm gears
Remote gearboxes, challenging for oil change-out
Mixer roll bearings and roll neck bearings exposed to high temperatures
Plastic calendars
Severe centrifuge applications, including marine centrifuges","Exceptional thermal and oxidation stability
Superb deposit and varnish control
Effective lubrication at high temperatures
High load-carrying capability
Outstanding resistance to rusting and corrosion
Remarkable seal compatibility"
192,Aminol™ Special Generation SLG8 0W-30 SP/GF-6A,"Aminol™ Special Generation SLG8 0W-30 SP/GF-6A is a premium quality motor oil renowned for its enhanced fuel efficiency and excellent low-temperature properties. Specifically formulated for superior performance and comprehensive protection in all operating conditions, it guards against LSPI (Low-Speed Pre-Ignition) and mitigates timing chain wear.",AL/EO-0008,aminoltm-special-generation-slg8-0w-30-spgf-6a,SP,GF-6A,Not available,Not available,"GM 4718M
GM 6094M
Ford WSSM2C953-A1/B1
Ford WSS-M2C963-A1","MB 229.3 / 229.5
VW 502.00 / 505.00",,,2025-05-24 08:25:01.18+00,,1,3,"","Aminol™ Special Generation SLG8 0W-30 SP/GF-6A is suitable for all types of modern gasoline-powered vehicles, including high-performance turbocharged, supercharged, multi-valve fuel-injected engines found in passenger cars, SUVs, light vans, and light trucks where the manufacturer recommends an API SP, ILSAC GF-6, or earlier specification 10W-30 lubricant.","Superior fuel efficiency
Effortless cold starts at low temperatures.
Elevated viscosity index
Enhanced engine cleanliness.
Remarkable oxidation and thermal stability
Exceptional wear protection"
205,Aminol™ Ultra Dynamic 0W-30  SP/C3,"Aminol™ Ultra Dynamic 0W-30  SP/C3 is a full synthetic engine oil designed to deliver multi-effect protection for engines operating under complex road conditions, offering instant protection amidst fluctuating all-day operational scenarios. It excels in safeguarding against sludge, engine rust, and corrosion, while ensuring optimal viscosity and fluidity across a wide temperature range.",AL/EO-0021,aminoltm-ultra-dynamic-0w-30-spc3,SP,Not available,C3,Not available,"BMW Longlife-04
MB 229.31/229.51
Porsche C30
VW 504.00/507.00","GM dexos 2
Renault RN  0700 / 0710
PSA B71 2390-2014
PSA B71 2312-2017
Fiat 9.55535-DS1 
Fiat 9.55535-GS1",,,2025-05-24 08:25:01.279+00,,1,3,"","Aminol™ Ultra Dynamic 0W-30  SP/C3 is suitable for use in automotive gasoline and diesel engines where the manufacturer recommends an ACEA C3, API SP, or earlier specification 5W-30 lubricant. It is fully compatible with vehicles fitted with Diesel Particulate Filters (DPF), Gasoline Particulate Filters (GPF), Three-Way Catalytic Converter (TWC), and other aftertreatment devices.","Exceptional engine cleanliness
Outstanding wear resistance
Extended engine service life
Seamless engine operation
Optimal stability against aging
Decreases pollutant emissions
Immediate lubrication after a cold start
Lowered fuel consumption"
220,Aminol™ Premium PMG1 20W-50 SL/CF,"Aminol™ Premium PMG1 20W-50 SL/CF is a universal high-performance engine oil with particularly good dirt-suspending and cleaning power. It has been engineered to ensure the greatest lubricating film stability, ideal oil pressure and maximum wear protection even under critical conditions.",AL/EO-0036,aminoltm-premium-pmg1-20w-50-slcf,SL/CF,Not available,Not available,Not available,"MB 229.1
VW 501.01/505.00",Not available,,,2025-05-24 08:25:01.39+00,,1,12,"",Aminol™ Premium PMG1 20W-50 SL/CF is suitable for use in automotive gasoline and diesel vehicles where the manufacturer recommends:  API SL/CF.,"Superior thermal and oxidation stability
Outstanding wear and deposit control
Excellent detergent/dispersant properties
Instant lubrication after cold start
Steadfast oil drain intervals
Favorable viscosity range
Confident corrosion protection"
77,Aminol™ Gear Oil CLP 220,"Aminol™ Gear Oil CLP 220 is a premium quality industrial gear oil with outstanding extreme pressure characteristics, made of carefully selected base stocks and the latest sulfur phosphorus additives. Its special active substance combination offers excellent load carrying capacity and micro-pitting performance providing long component life even under shock loading conditions.",AL/GO-0005,aminoltm-gear-oil-clp-220,Not available,Not available,Not available,Not available,"AIST 224
David Brown S1.53.101(E)
AGMA 9005-E02
DIN51517-3 (CLP)",Not available,,,2025-05-24 08:25:00.147+00,,19,6,"","Aminol™ Gear Oil CLP 220 is recommended for industrial applications operating under heavy duty conditions such as heavy loading, slow speed, shock loads and in wide extremes of temperature. This includes, but is not limited to, enclosed industrial spur, bevel, herringbone, helical and epicyclic gears, chain drives, sprockets and most metal-on-metal systems requiring extreme-pressure lubricant.","Outstanding wear protection 
Exceptional sludge and deposit control
Low tendency to foam
Excellent anti-corrosion properties
High pressure-absorption capability
Extended equipment life
Better compatibility with seal materials"
96,Aminol™ Transmission TN1 80W-90 GL-4,Aminol™ Transmission TN1 80W-90 GL-4 is a universal all-season gear oils crafted with high quality base oils and an advanced additive package to provide excellent long-lasting wear and scoring protection to extend equipment life and reduce downtime and maintenance costs.,AL/TF-0015,aminoltm-transmission-tn1-80w-90-gl-4,GL-4,Not available,Not available,Not available,"MIL-L-2105 D
ZF TE-ML 08/16A/17A/19A",Not available,,,2025-05-24 08:25:00.301+00,,7,23,"","Aminol™ Transmission TN1 80W-90 GL-4 is suitable for manual transmissions, differentials, power takeoff units and final drives found on passenger cars, trucks, and off highway vehicles used in construction, farm, forestry and mining operations.","Superior thermal and oxidation stability 
Improved low temperature protection
Excellent resistance for wear, corrosion and foaming
Better extreme pressure properties"
101,Aminol™ Transmission TN6 75W-90 GL-5,Aminol™ Transmission TN6 75W-90 GL-5  is a supreme performance multigrade gear lubricant formulated with high-qaulity base oils and additives for flawless aggregate functioning even under the most difficult conditions and during large temperature fluctuations. It has been designed to deliver ultimate protection to the modern heavy-duty manual transmissions and axles.,AL/TF-0020,aminoltm-transmission-tn6-75w-90-gl-5,GL-5,Not available,Not available,Not available,"MIL-L 2105 D 
MAN 342  M2
ZF TE-ML 05A/07A/12E/16B/16C/16D/17B/19B/21A",Not available,,,2025-05-24 08:25:00.34+00,,7,24,"","Aminol™ Transmission TN6 75W-90 GL-5  is recommended for use in manual transmissions or gearboxes (synchronized or non-synchronized) as well as in final drives, where an API GL-5 quality oil is prescribed.","Fuel savings and reduced emissions
Exceptional thermal and oxidation stability 
Enhanced frictional properties
Outstanding low temperature fluidity
Excellent resistance for wear, corrosion and foaming
Superior extreme pressure performance"
168,Aminol™ Classic CS7 SAE 60 CF-4/SG,"Aminol™ Classic CS7 SAE 60 CF-4/SG is a premium monograde mineral engine oil designed for robust performance in heavy-load diesel-powered engines, both those equipped with a turbocharger and those without, especially when operating under demanding and challenging conditions.",AL/EO-0078,aminoltm-classic-cs7-sae-60-cf-4sg,CF-4/SG,Not available,Not available,Not available,Not available,"MB-227.0, MIL L-2104 E",,,2025-05-24 08:25:00.945+00,,1,20,"",Aminol™ Classic CS7 SAE 60 CF-4/SG is suitable for use in naturally aspirated and supercharged diesel engines operating under mild duty service conditions.,"Provides excellent oxidation stability and effective deposit control, ensuring consistent engine cleanliness and reliability.
Engineered to minimize wear and extend maintenance intervals.
Formulated to reduce oil consumption, thus managing costs effectively.
Its superior detergency effectively manages piston ring deposits and controls sludge buildup."
244,Aminol™ TP-22S,"Aminol™ TP-22S is a high-quality lubricating oil designed to ensure flawless performance in bearings, auxiliary mechanisms and control systems of high-speed steam and gas turbines, as well as some types of centrifugal and turbo compressors. It has been engineered with a proprietary blend of selected base stocks and a precisely balanced component additive system to deliver improved operational characteristics.",AL/GO-0019,aminoltm-tp-22s,Not available,Not available,Not available,Not available,ISO VG 32,Not available,,,2025-05-24 08:25:01.662+00,,19,,"","Gas, steam, and hydraulic turbines for power generation in high-powered plants.
Gas turbines in combined cycle power plants.
Systems featuring hydroelectric turbines.
Drive systems for gas or steam turbines.","Outstanding oxidative stability
Robust rust and corrosion protection
Elevated viscosity index
Minimal cavitation tendency
Exceptional thermal stability
High demulsification properties"
66,Aminol™ CircoSynth 220 LX,"Aminol™ CircoSynth 220 LX is an exceptional performance circulating, gear, and bearing oil formulated with synthetic base fluids, enhanced with advanced anti-oxidant, anti-wear, anti-rust, and anti-foam additives. It provides outstanding performance, including energy efficiency, filterability, and long service life, even under extremely heavy-duty conditions.",AL/CO-0018,aminoltm-circosynth-220-lx,Not available,Not available,Not available,Not available,"AGMA 9005-F16
DIN 51517-3
ISO 12925-1 Category CKT",Not available,,,2025-05-24 08:25:00.082+00,,14,,"","Filled-for-life gearboxes, particularly high ratio/low-efficiency worm gears
Remote gearboxes, challenging for oil change-out
Mixer roll bearings and roll neck bearings exposed to high temperatures
Plastic calendars
Severe centrifuge applications, including marine centrifuges","Exceptional thermal and oxidation stability
Superb deposit and varnish control
Effective lubrication at high temperatures
High load-carrying capability
Outstanding resistance to rusting and corrosion
Remarkable seal compatibility"
196,Aminol™ MaxPro 0W-30 SP,"Aminol™ MaxPro 0W-30 SP is a universal, high-performance fuel-saving engine oil engineered for the latest gasoline and diesel engine technologies, providing excellent all-round performance. Formulated with carefully selected base stocks and unique additive technology, it delivers exceptional wear protection and engine cleanliness",AL/EO-0012,aminoltm-maxpro-0w-30-sp,SP,Not available,A3/B4,Not available,Not available,"BMW Longlife-01
MB 229.3 / 229.5
VW 502.00 / 505.00
Renault RN 0700/0710",,,2025-05-24 08:25:01.208+00,,1,3,"","Aminol™ MaxPro 0W-30 SP is suitable for use in automotive petrol and diesel vehicles where the manufacturer recommends an ACEA A3/B4, API SP or earlier specification 0W-30 lubricant.","Excellent fluidity at low temperature.
Lower fuel consumption and CO2 emissions.
Outstanding engine cleanliness and durability.
Long drain interval
Reduced power-robbing friction across engine speeds and conditions"
243,Aminol™ I-50A,Aminol™ I-50A is a high-quality mineral-based general-purpose lubricant designed for use in a wide range of industrial applications. It has been made of distillate or a mixture of distillate with a residual of sulphurous and low-sulfur solvent-refined oils without additives to provide system efficiency of industrial machines and mechanisms where the operating conditions do not demand enhanced antioxidant and anticorrosive properties of oils.,AL/GO-0018,aminoltm-i-50a,Not available,Not available,Not available,Not available,Not available,Not available,,,2025-05-24 08:25:01.658+00,,19,,"","Aminol™ I-50A is recommended for using as hydraulic fluids in hydraulic systems of industrial machinery, automated lines and presses. It can also be used in gearboxes, slideways, and others equipment under light or moderate loads, where special lubricants are not required.","High antioxygenic and anti-wear properties
Good demulsifying capability
Better protection against rust and corrosion
Extended equipment life
Universal application in various systems and components of industrial machinery"
254,Aminol™ Mototech 4T 10W-30,"Aminol™ Mototech 4T 10W-30 is an advanced 4-stroke motorcycle oil designed to deliver ultimate performance and protection of the engine even in extreme operating conditions.  Its unique formulation incorporates high-quality base stocks and performance-boosting additives to provide optimum lubrication, outstanding engine cleanliness, excellent friction and minimum wear.",AE/ML-0002,aminoltm-mototech-4t-10w-30,SN,Not available,Not available,MA2,Not available,Not available,,,2025-05-24 08:25:01.739+00,,3,7,"","Aminol™ Mototech 4T 10W-30 is suitable for high-performance, air, and water-cooled four-stroke motorcycles, whether equipped with or without a wet clutch. It is also ideal for motorcycles with exhaust after-treatment systems such as catalytic converters or secondary air injection","Protects against wear, deposits, and sludge
Extends engine life and improves performance
Maintains cleanliness and reduces oil consumption
Ensures superior performance in varied temperatures"
82,Aminol™ GearSynth 150,"Aminol™ GearSynth 150 is a fully synthetic, premium-performance, extreme-pressure lubricant specifically designed for enclosed industrial gears and bearings that operate under severe load conditions and extreme temperatures. Formulated using synthetic PAO base oils and selected additive technologies, it provides excellent protection against corrosion, wear, micropitting, and offers an extended oil service life due to its exceptional thermal stability",AL/GO-0010,aminoltm-gearsynth-150,Not available,Not available,Not available,Not available,"AIST 224
David Brown S1.53.101(E)
AGMA 9005-F16-AS
DIN51517-3 (CLP)
ISO 12925-1 Type CKD
FAG
SKF",Not available,,,2025-05-24 08:25:00.175+00,,19,6,"","Aminol™ GearSynth 150 is suitable for application in industrial transmissions, where roller and plain bearings are subjected to high pressure and also for large-scale plants with pressure-feed lubrication systems.","Long drain intervals
Exceptional film strength and extreme pressure resistance
Robust protection against rust and corrosion
Extended equipment life
Effective water separation and demulsification characteristics
Low foaming tendency"
115,Aminol™ Transmission 85W-140 LS GL-5,"Aminol™ Transmission 85W-140 LS GL-5 is a high-quality hypoid gear oil engineered specifically for use in axle drives equipped with limited-slip differentials. Its unique friction properties aid in providing smooth, noise-free operation and extending the life of multiplate clutches within limited-slip differentials (LSDs).",AL/TF-0034,aminoltm-transmission-85w-140-ls-gl-5,GL-5,Not available,Not available,Not available,"MIL-L-2105 D
MAN 342 Type M2
ZF TE-ML 05C
ZF TE-ML 12C
ZF TE-ML 16E
ZF TE-ML 21C",Not available,,,2025-05-24 08:25:00.482+00,,7,27,"","Aminol™ Transmission 85W-140 LS GL-5 is recommended for use in all types of synchronized manual transmissions (including heavy-duty), in differentials (including LS with excessive friction), steering equipment and other transmission parts where API GL-5 LS oil is required.","Excellent load-carrying properties
Outstanding limited-slip performance
High corrosion protection
Exceptional oxidation stability
Low foaming tendency
Optimal friction characteristics"
143,Aminol™ TO-4 10W,Aminol™ TO-4 10W is a top-tier hydraulic and transmission fluid designed with advanced technology to provide superior performance and enhanced durability for modern hydraulic systems and transmissions fitted to heavy-duty off-highway equipment. Its formulation has been crafted to meet or surpass the demanding Caterpillar TO-4 specification.,AL/TF-0001,aminoltm-to-4-10w,"CF, MT-1",Not available,Not available,Not available,"CAT TO-4 
Allison C4
ZF TE-ML-03C
Komatsu KES 07.868.1
Komatsu Dresser
Dana Powershift",Not available,,,2025-05-24 08:25:00.719+00,,5,6,"","Heavy duty transmissions, gear boxes, final drives, and hydraulic systems used in off-highway applications
Off-highway industries including: mining, construction, quarrying, and agriculture
Manual, powershift and automatic transmissions where a CAT TO-4 or Allison C-4 fluid is required","Well-balanced static and dynamic friction coefficients
Exceptional foam control and protection
Superior thermal and oxidation stability
Optimized retention of clutch-friction and control over slippage
Outstanding stability for hydraulic oil and protection against high-pressure pump wear
Remarkable performance in low-temperature fluid flow"
194,Aminol™ MaxPro 5W-30 SP,"Aminol™ MaxPro 5W-30 SP is a universal, high-performance fuel-saving engine oil engineered for the latest gasoline and diesel engine technologies, providing excellent all-round performance. Formulated with carefully selected base stocks and unique additive technology, it delivers exceptional wear protection and engine cleanliness",AL/EO-0010,aminoltm-maxpro-5w-30-sp,SP,Not available,A3/B4,Not available,Not available,"MB 229.3/229.5
VW 502.00/505.00
RN 700/710",,,2025-05-24 08:25:01.193+00,,1,14,"","Aminol™ MaxPro 5W-30 SP is suitable for use in automotive petrol and diesel vehicles where the manufacturer recommends an ACEA A3/B4, API SP or earlier specification 5W-30 lubricant.","Excellent fluidity at low temperature.
Lower fuel consumption and CO2 emissions.
Outstanding engine cleanliness and durability.
Long drain interval
Reduced power-robbing friction across engine speeds and conditions"
64,Aminol™ CircoSynth 100 LX,"Aminol™ CircoSynth 100 LX is an exceptional performance circulating, gear, and bearing oil formulated with synthetic base fluids, enhanced with advanced anti-oxidant, anti-wear, anti-rust, and anti-foam additives. It provides outstanding performance, including energy efficiency, filterability, and long service life, even under extremely heavy-duty conditions.",AL/CO-0016,aminoltm-circosynth-100-lx,Not available,Not available,Not available,Not available,"AGMA 9005-F16
DIN 51517-3
ISO 12925-1 Category CKT",Not available,,,2025-05-24 08:25:00.07+00,,14,,"","Filled-for-life gearboxes, particularly high ratio/low-efficiency worm gears
Remote gearboxes, challenging for oil change-out
Mixer roll bearings and roll neck bearings exposed to high temperatures
Plastic calendars
Severe centrifuge applications, including marine centrifuges","Exceptional thermal and oxidation stability
Superb deposit and varnish control
Effective lubrication at high temperatures
High load-carrying capability
Outstanding resistance to rusting and corrosion
Remarkable seal compatibility"
69,Aminol™ CircoSynth 680 LX,"Aminol™ CircoSynth 680 LX is an exceptional performance circulating, gear, and bearing oil formulated with synthetic base fluids, enhanced with advanced anti-oxidant, anti-wear, anti-rust, and anti-foam additives. It provides outstanding performance, including energy efficiency, filterability, and long service life, even under extremely heavy-duty conditions.",AL/CO-0021,aminoltm-circosynth-680-lx,Not available,Not available,Not available,Not available,"AGMA 9005-F16
DIN 51517-3
ISO 12925-1 Category CKT",Not available,,,2025-05-24 08:25:00.095+00,,14,,"","Filled-for-life gearboxes, particularly high ratio/low-efficiency worm gears
Remote gearboxes, challenging for oil change-out
Mixer roll bearings and roll neck bearings exposed to high temperatures
Plastic calendars
Severe centrifuge applications, including marine centrifuges","Exceptional thermal and oxidation stability
Superb deposit and varnish control
Effective lubrication at high temperatures
High load-carrying capability
Outstanding resistance to rusting and corrosion
Remarkable seal compatibility"
112,Aminol™ Transmission 80W-90 LS GL-5,"Aminol™ Transmission 80W-90 LS GL-5 is an extra-high-performance gear lubricant formulated from select base oils and an advanced additive system, designed specifically for limited-slip differentials. It significantly reduces brake chatter, thereby improving the life of mechanical transmission components while providing exceptional extreme pressure protection.",AL/TF-0031,aminoltm-transmission-80w-90-ls-gl-5,GL-5,Not available,Not available,Not available,"MIL-L 2105D
MAN 342 Type M2
Volvo STD 1273.1
 ZF TE-ML 05C/ 07A/08/12E/16E/17B/19B/21C",Not available,,,2025-05-24 08:25:00.446+00,,7,23,"","Aminol™ Transmission 80W-90 LS GL-5 is recommended for use in all types of synchronized manual transmissions (including heavy-duty), in differentials (including LS with excessive friction), steering equipment and other transmission parts where API GL-5 LS oil is required.","Superb frictional properties
Effective limited-slip performance
High thermal and oxidation stability
Extended gear and bearing life
Outstanding anti-wear properties
Increased load-carrying capability
Effective low-temperature lubrication"
206,Aminol™ ProTech 5W-30 SN A5/B5,"Aminol™ ProTech 5W-30 SN A5/B5 is a high-quality, fuel-saving multigrade motor oil manufactured through the latest technology. It has specially been designed to enhance and protect the efficiency of exhaust emission reduction systems in new-generation passenger and light commercial vehicles powered by diesel or gasoline engines.",AL/EO-0022,aminoltm-protech-5w-30-sn-a5b5,SN,Not available,A5/B5,Not available,"Ford WSS-M2C-913-D
Jaguar/Land Rover ST JLR.03.5003
Renault RN 0700","Fiat 9.55535-G1
MB 229.6
Ford WSS-M2C-913-A
Ford WSS-M2C-913-B
Ford WSS-M2C-913-C",,,2025-05-24 08:25:01.286+00,,1,14,"",Aminol™ ProTech 5W-30 SN A5/B5 is recommended for modern gasoline and diesel engines with direct fuel injection for severe conditions and extended drain intervals.,"Enhances fuel economy and reduces emissions
Provides maximum engine protection in severe urban conditions
Resists oxidation, corrosion, and deposits
Ensures excellent low-temperature performance"
247,Aminol™ Quench Oil 46,"Aminol™ Quenching Oil 46 is a high-quality quenching fluid designed for the heat treatment of ferrous metals across various quenching processes. Crafted to facilitate deep and uniform hardening, it minimizes distortion and cracking, ensuring a smooth surface finish.",AL/QO-0002,aminoltm-quench-oil-46,Not available,Not available,Not available,Not available,"ISO 6743-14 L-UHA
ISO 6743-14 L-UHB",Not available,,,2025-05-24 08:25:01.676+00,,17,,"","Aminol™ Quenching Oil 46 is recommended for the conventional and fast quenching of ferrous metals, such as carbon steel, gray iron, and alloy steel.","Controlled cooling rate to minimize cracking and distortion
Achieves a good surface finish
Demonstrates excellent oxidation resistance and thermal stability
Low volatility reduces oil loss through vaporization"
20,Aminol™ Hydraulic HLP 150,"Aminol™ Hydraulic Oil HLP 32 is a premium hydraulic fluid formulated from highly refined mineral oil, enriched with a precisely balanced additive system. Specifically designed to meet the demands of high-pressure and high-output hydraulic systems, it offers enhanced performance, including increased oil life, exceptional wear protection, and excellent control over deposits in various processes",AL/HF-0013,aminoltm-hydraulic-hlp-150,Not available,Not available,Not available,Not available,"DIN 51524 -2; ISO 11158 (HM); ISO 6743-4, (HM); SAE MS 1004; US STEEL - 126/127; Denison HF-0/HF-1/HF-2; ASTM D6158 (HM); Eaton E-FDGN-TB002-E; JCMAS P041 HK; GM LS-2, SEB 181222",Not available,,,2025-05-24 08:24:59.669+00,,13,,"","Hydraulic systems critical to deposit build-up or where sludge and deposits form with conventional products
Hydraulic systems requiring a high load-carrying capability and anti-wear protection, and when thin oil-film corrosion protection is an asset
Where small amounts of water are unavoidable
Systems containing gears and bearings 
Machines employing a wide range of components using various metallurgy","Exceptional thermal and oxidation stability
Superior wear resistance
Enhanced corrosion protection
Controlled demulsibility
Excellent anti-foam properties
Neutral to seal materials"
61,Aminol™ Circulating Oil 320 RM,"Aminol™ Circulating Oil 320 RM is a high-performance lubricant engineered to offer exceptional protection in demanding industrial bearing and circulating applications, notably in challenging environments like 'No-Twist' Rod Mill Systems. It's formulated with high-quality base stocks and specially chosen additives to provide outstanding antiwear and antioxidant properties",AL/CO-0013,aminoltm-circulating-oil-320-rm,Not available,Not available,Not available,Not available,"Danieli 0.000.001 Type 21
Morgan No-Twist Mill (Spec MMC40003)
DIN 51524 Part 1 & 2
ISO 11158 HL & HM
Schuler Pressen DT 55055 01.2016",Not available,,,2025-05-24 08:25:00.052+00,,14,,"","No Twist Rod Mills
General industrial bearing and circulating systems
Enclosed industrial gear systems","Excellent protection for lubricated components
Ensures a robust lubricating film
Maximizes efficiency of the water removal system
Minimizes the risk of unscheduled maintenance
Extends the life of the oil charge, prolonging re-lubrication intervals"
145,Aminol™ TO-4 SAE 50,Aminol™ TO-4 SAE 50 is a top-tier hydraulic and transmission fluid designed with advanced technology to provide superior performance and enhanced durability for modern hydraulic systems and transmissions fitted to heavy-duty off-highway equipment. Its formulation has been crafted to meet or surpass the demanding Caterpillar TO-4 specification.,AL/TF-0003,aminoltm-to-4-sae-50,"CF, MT-1",Not available,Not available,Not available,"CAT TO-4 
Allison C4
ZF TE-ML-03C
Komatsu KES 07.868.1
Komatsu Dresser
Dana Powershift",Not available,,,2025-05-24 08:25:00.74+00,,5,19,"","Heavy duty transmissions, gear boxes, final drives, and hydraulic systems used in off-highway applications
Off-highway industries including: mining, construction, quarrying, and agriculture
Manual, powershift and automatic transmissions where a CAT TO-4 or Allison C-4 fluid is required","Well-balanced static and dynamic friction coefficients
Exceptional foam control and protection
Superior thermal and oxidation stability
Optimized retention of clutch-friction and control over slippage
Outstanding stability for hydraulic oil and protection against high-pressure pump wear
Remarkable performance in low-temperature fluid flow"
201,Aminol™ Ultra Power 5W-30  SP/C3,"Aminol™ Ultra Power 5W-30  SP/C3 is a premium quality engine oil designed for superior performance and protection across various conditions. It meets the rigorous standards of leading engine manufacturers and incorporates advanced additives, extending the lifespan of modern engine systems and actively reducing harmful emissions.",AL/EO-0017,aminoltm-ultra-power-5w-30-spc3,SP,Not available,C3,Not available,"BMW Longlife-04
MB 229.31/229.51/229.52
Opel OV 040 1547 - G30/D30","IVECO 18-1811 SC1
VW 505.01/505.00",,,2025-05-24 08:25:01.241+00,,1,14,"","Aminol™ Ultra Power 5W-30  SP/C3 is suitable for all types of modern gasoline and light-duty diesel engines. It is fully compatible with all emission reduction systems, including DPF, TWC, EGR, and SCR.","Enhanced resistance against chain-wear.
Excellent protection against LSPI phenomenon.
Low fuel consumption.
Fast cold start properties.
Exceptional lubrication film.
Outstanding engine cleanliness and durability.
Compatibility with emission reduction systems."
47,Aminol™ Hydraulic  WR HLP 150,"Aminol™ Hydraulic  WR HLP 150 is a premium-grade hydraulic oil blended with highly refined base oils and an advanced additive package. Its formulation exhibits enhanced features, including superior antioxidant, anti-corrosive, anti-wear, anti-foam, and viscosity properties.",AL/HF-0041,aminoltm-hydraulic-wr-hlp-150,Not available,Not available,Not available,Not available,"DIN 51524-2 (HLP), Sulzer, KraussMaffei",Not available,,,2025-05-24 08:24:59.926+00,,13,,"","Aminol™ Hydraulic  WR HLP 150 is recommended for application in the hydraulic systems of industrial equipment that operate under rigorous mechanical and thermal demands. It is particularly well-suited for deployment in conditions of severe waterlogging, ensuring optimal performance and reliability","Minimizes equipment wear.
Extends service life.
Exhibits excellent anti-foam properties.
Improves air separation.
Well-suited for use in heavily watered systems."
53,Aminol™ Circulating Oil 150 AW,"Aminol™ Circulating Oil 150 AW is a rust and oxidation inhibited, anti-wear circulating oil developed to provide effective lubrication for friction parts and diverse mechanisms. It is blended with high-quality mineral base oils and a carefully selected additive package to prevent oxidation, corrosion, and wear.",AL/CO-0005,aminoltm-circulating-oil-150-aw,Not available,Not available,Not available,Not available,"DIN 51524/1 (HL)
DIN 51517-2 (CL)
ISO 11158 (HL)
ISO-L-HL",Not available,,,2025-05-24 08:24:59.982+00,,14,,"","Aminol™ Circulating Oil 32 AW is a multipurpose oil suitable for lubricating assembly blocks in machines and devices that don't require extreme pressure properties. It's also ideal for moderately loaded gears, gear couplings, hydraulic pumps, and various bearings, including high-temperature paper machine bearings, where EP properties are not needed","Excellent oxidation and thermal stability
Outstanding anti-wear characteristics
Remarkable water-separating properties
Exceptional foam resistance
Effective protection against rust and corrosion"
122,Aminol™ Super SPD1 10W-30 CJ-4/SN,"Aminol™ Super SPD1 10W-30 CJ-4/SN is a low-SAPS, high-performance heavy-duty diesel engine oil deveoped for on-road and off-road applications. Its formulation has been precisely crafted, employing a judicious selection of components to ensure optimal wear control, efficient soot management, and dependable oil stability, especially in engines operating under rigorous conditions.",AL/EO-0054,aminoltm-super-spd1-10w-30-cj-4sn,CJ-4/SN,Not available,E-9,Not available,"MB-228.31
Cummins CES 20081
CAT ECF-3
Volvo VDS-4
Mack EO-O PP
Renault RLD-3
DDC 93K218
MAN 3575 
MTU Type-2.1
Deutz DQC III-18 LA",Not available,,,2025-05-24 08:25:00.559+00,,1,7,"","Aminol™ Super SPD1 10W-30 CJ-4/SN is recommended for use in the latest turbocharged or supercharged high-performance diesel engines operating under severe conditions. Well-suited for extended drain intervals, it proves ideal for both on-road and off-road applications.","Ensures superior performance and extends engine life.
Reduces emissions and extends the lifespan of emissions control systems
Provides exceptional wear protection
Effectively manages soot produced during combustion
Ensures reliable oil stability, even under severe operating conditions
Optimizes lubrication properties
Enables extended drain intervals"
242,Aminol™ I-40A,Aminol™ I-40A is a high-quality mineral-based general-purpose lubricant designed for use in a wide range of industrial applications. It has been made of distillate or a mixture of distillate with a residual of sulphurous and low-sulfur solvent-refined oils without additives to provide system efficiency of industrial machines and mechanisms where the operating conditions do not demand enhanced antioxidant and anticorrosive properties of oils.,AL/GO-0017,aminoltm-i-40a,Not available,Not available,Not available,Not available,Not available,Not available,,,2025-05-24 08:25:01.653+00,,19,,"","Aminol™ I-40A is recommended for using as hydraulic fluids in hydraulic systems of industrial machinery, automated lines and presses. It can also be used in gearboxes, slideways, and others equipment under light or moderate loads, where special lubricants are not required.","High antioxygenic and anti-wear properties
Good demulsifying capability
Better protection against rust and corrosion
Extended equipment life
Universal application in various systems and components of industrial machinery"
37,Aminol™ Hydraulic HVLP 68 Zinc Free,"Aminol™ HVLP 68 Zinc Free is a superior hydraulic oil designed to meet the needs of modern, high pressure, industrial and mobile equipment hydraulic systems. It has been formulated from high quality hydro-treated base stocks and specially selected zinc free additives to ensure exceptional protection due to excellent anti-wear performance in severe hydraulic applications.",AL/HF-0031,aminoltm-hydraulic-hvlp-68-zinc-free,Not available,Not available,Not available,Not available,"DIN 51524- 3, ISO 6743/4 (HV), Denison HF-0/HF-1/HF-2, Cincinnati Machine P-69, ISO 11158 (HV), AFNOR NF E 48-603 (HV), SIS SS 155434, SEB 181 222, U.S. Steel 126/127, GM LS-2, JCMAS P041 HK",Not available,,,2025-05-24 08:24:59.834+00,,13,,"","Systems employing multi-metal designs in pumps and other components
Applications where cross-contamination of hydraulic fluids and coolants can occur
High pressure vane, piston and gear pumps
Where small amounts of water are unavoidable
In systems containing gears and bearings
Systems requiring a high degree of load-carrying capability and anti-wear protection","High oxidation resistance and thermal stability 
Exceptional anti-wear properties
Outstanding oil film strength 
Excellent demulsibility characteristics
Fast air release and low foaming
Multi metal compatibility"
87,Aminol™ Brake& Clutch Fluid DOT-3,"Aminol™ Brake& Clutch Fluid DOT-3, a universal synthetic fluid, withstands extreme temperatures without thickening or boiling, thanks to its polyethylene glycol base. With corrosion inhibitors and a high boiling point, it guarantees safe braking, even after extended use or moisture absorption.",AL/BF-0001,aminoltm-brake-clutch-fluid-dot-3,Not available,Not available,Not available,Not available,"FMVSS 116 DOT 3
ISO 4925 Class 3
SAE J 1703",Not available,,,2025-05-24 08:25:00.222+00,,21,,"","Aminol™ Brake & Clutch Fluid DOT-3 is recommended for applications requiring DOT 3 level performance, including vehicles equipped with disc, drum, and anti-skid braking systems. It is also suitable for hydraulic clutch release systems.","High boiling point for enhanced performance
Minimal rubber swelling
Exceptional corrosion protection
Consistent, safe brake performance even under high braking pressure"
105,Aminol™ Transmission 90 GL-1,"Aminol Transmission 90 GL-1 is a mineral-based gear oil with rust and oxidation inhibiting properties. Manufactured from highly refined base stocks and chosen performance additives, it has been tailored for application in automotive and industrial gearboxes, as well as manual transmissions, where API GL-1 straight mineral, non-EP lubricant in SAE viscosity grades 90 is recommended.",AL/TF-0024,aminoltm-transmission-90-gl-1,GL-1,Not available,Not available,Not available,Not available,Not available,,,2025-05-24 08:25:00.377+00,,7,29,"",Aminol™ Transmission 90 GL-1 is recommended for many types of automotive and industrial equipment where the equipment suppliers recommend the use of a straight mineral oil in SAE viscosity grades 90.,"Optimal lubricant film formation via high-viscosity index base stocks
Enhanced rust protection for prolonged equipment life
Efficient antifoam properties for extended gear and bearing longevity"
200,Aminol™ Ultra Plus 0W-30 SN/C3,Aminol™ Ultra Plus 0W-30 SN/C3 is a high-grade motor oil formulated for ultimate performance and protection under all operating conditions. It has been designed to fulfill the latest standards of leading engine manufacturers.,AL/EO-0016,aminoltm-ultra-plus-0w-30-snc3,SN,Not available,C3,Not available,"BMW Longlife-04
GM dexos2
MB 229.31/ 229.51/229.52","Fiat  9.55535-DS1
Fiat 9.55535-GS1",,,2025-05-24 08:25:01.234+00,,1,3,"","Aminol™ Ultra Plus 0W-30 SN/C3 is suitable for use in automotive gasoline and diesel vehicles where the manufacturer recommends: ACEA C3, API SN.","Avoids fuel overconsumption
Reduces the formation of combustion ashes
Provides exceptionally high temperature stability
Ensures excellent dispersion and detergency properties
Makes cold starting easier
Delivers outstanding protection against corrosion, wear and foam"
213,Aminol™ Super SPG5 10W-30 SN/CF,"Aminol™ Super SPG5 10W-30 SN/CF is a high-tech low-friction engine oil based on synthetic technology. It has specially been designed to keep the engine running like new by providing exceptional wear protection, cleaning power and overall performance.",AL/EO-0029,aminoltm-super-spg5-10w-30-sncf,SN/CF,Not available,A3/B4,Not available,"MB 229.1 
VW 501.00/505.00",Not available,,,2025-05-24 08:25:01.348+00,,1,7,"","Aminol™ Super SPG5 10W-30 SN/CF is suitable for use in automotive gasoline and diesel vehicles where the manufacturer recommends: ACEA A3/B4, API SN/CF.","Outstanding engine cleanliness
Exceptional thermal stability and oxidation resistance 
Sustained engine component protection 
Optimized fuel consumption
Minimized harmful exhaust emissions"
38,Aminol™ Hydraulic HLPD 22,"Aminol™ Hydraulic HLPD 22 is a premium-quality hydraulic fluid with pronounced detergent and dispersing properties. It ensures consistently high performance and ultimate cleanliness in industrial and mobile hydraulic systems, even under heavy load conditions and in environments affected by water and dust.",AL/HF-0032,aminoltm-hydraulic-hlpd-22,Not available,Not available,Not available,Not available,"DIN 51524-2 (HLPD)
ISO 6743/4 (HM)
MAN N 698
Daimler DBL 6721",Not available,,,2025-05-24 08:24:59.841+00,,13,,"","Aminol™ Hydraulic HLPD 22 is suitable for a broad spectrum of industrial and manufacturing applications that demand a high level of dispersancy, especially in instances of water ingress or contamination. It is particularly recommended for use in the hydraulic systems of machine tools, where there is a risk of water-mixed cutting fluids entering the hydraulic system.","Outstanding water emulsifying ability
Superior anti-wear properties
Remarkable resistance to oxidation and thermal degradation
Exceptional foam control and rapid air release properties
Effective corrosion protection
Excellent cleaning properties"
99,Aminol™ Transmission TN4 85W-90 GL-5,"Aminol™ Transmission TN4 85W-90 GL-5 is a high-performance gear oil formulated from high-quality base oils and an advanced additive system for vehicles equipped with proven transmission technology. It ensures optimal assembly functionality, even under extreme operating conditions and when exposed to significant temperature fluctuations",AL/TF-0018,aminoltm-transmission-tn4-85w-90-gl-5,GL-5,Not available,Not available,Not available,"MIL-L 2105 D 
MAN 342 Type M2
ZF TE-ML 16B/17B/19B/21A
MB 235.0",Not available,,,2025-05-24 08:25:00.324+00,,7,26,"","Aminol™ Transmission TN4 85W-90 GL-5 is recommended for use in applications requiring API GL-5 performance such as heavy duty differentials, axles, and final drives where extreme pressures and shock loading are expected.","Outstanding anti-wear and anti-corrosion attributes
Ensures prolonged and dependable operation under heavy loads
Elevated oxidation stability
Exceptional resistance to corrosion and foam formation
Superior lubrication performance even at low temperatures"
170,Aminol™ Classic CS9 SAE 10W CF-4/SG,"Aminol™ Classic CS9 SAE 10W CF-4/SG is a premium monograde mineral engine oil designed for robust performance in heavy-load diesel-powered engines, both those equipped with a turbocharger and those without, especially when operating under demanding and challenging conditions.",AL/EO-0080,aminoltm-classic-cs9-sae-10w-cf-4sg,CF-4/SG,Not available,Not available,Not available,Not available,"ACEA E2, Allison C4, Caterpillar TO-2, MAN 270, MB-227.0/228.0, MTU Type 1,
MIL L-2104 E, MIL L-46152 E, ZF - TE-ML 03B
ZF - TE-ML 05K",,,2025-05-24 08:25:00.97+00,,1,16,"",Aminol™ Classic CS9 SAE 10W CF-4/SG is suitable for use in naturally aspirated and supercharged diesel engines operating under mild duty service conditions.,"Provides excellent oxidation stability and effective deposit control, ensuring consistent engine cleanliness and reliability.
Engineered to minimize wear and extend maintenance intervals.
Formulated to reduce oil consumption, thus managing costs effectively.
Its superior detergency effectively manages piston ring deposits and controls sludge buildup."
207,Aminol™ ProTech 0W-30 SN A5/B5,"Aminol™ ProTech 0W-30 SN A5/B5 is a high-quality, fuel-saving multigrade motor oil manufactured through the latest technology. It has specially been designed to enhance and protect the efficiency of exhaust emission reduction systems in new-generation passenger and light commercial vehicles powered by diesel or gasoline engines.",AL/EO-0023,aminoltm-protech-0w-30-sn-a5b5,SN,Not available,A5/B5,Not available,Not available,"ILSAC GF2
Volvo 95200377",,,2025-05-24 08:25:01.294+00,,1,3,"","Aminol™ ProTech 0W-30 SN A5/B5 is recommended for year-round usage in modern gasoline and diesel engines with direct fuel injection, operated in extreme conditions.","Unmatched sludge protection
Low viscosity and friction characteristics
Exceptional wear and corrosion protection
Facilitates easier cold starting
Ensures engine protection throughout the drain interval, even under extreme pressure
High fuel efficiency and performs well in low temperatures"
214,Aminol™ Super SPG6 0W-30 SN/CF,"Aminol™ Super SPG6 0W-30 SN/CF is a high-tech low-friction engine oil based on synthetic technology. It has specially been designed to keep the engine running like new by providing exceptional wear protection, cleaning power and overall performance.",AL/EO-0030,aminoltm-super-spg6-0w-30-sncf,SN/CF,Not available,A3/B4,Not avaialable,"MB 229.3
VW 502.00/505.00
BMW Longlife-01
Renault RN 0700/0710",Not available,,,2025-05-24 08:25:01.355+00,,1,3,"","Aminol™ Super SPG6 0W-30 SN/CF is suitable for use in automotive gasoline and diesel vehicles where the manufacturer recommends: ACEA A3/B4, API SN/CF.","Outstanding engine cleanliness
Exceptional thermal stability and oxidation resistance 
Sustained engine component protection 
Optimized fuel consumption
Minimized harmful exhaust emissions"
43,Aminol™ Hydraulic  WR HLP 32,"Aminol™ Hydraulic  WR HLP 32 is a premium-grade hydraulic oil blended with highly refined base oils and an advanced additive package. Its formulation exhibits enhanced features, including superior antioxidant, anti-corrosive, anti-wear, anti-foam, and viscosity properties.",AL/HF-0037,aminoltm-hydraulic-wr-hlp-32,Not available,Not available,Not available,Not available,"DIN 51524-2 (HLP), Sulzer, KraussMaffei",Not available,,,2025-05-24 08:24:59.884+00,,13,,"","Aminol™ Hydraulic  WR HLP 32 is recommended for application in the hydraulic systems of industrial equipment that operate under rigorous mechanical and thermal demands. It is particularly well-suited for deployment in conditions of severe waterlogging, ensuring optimal performance and reliability","Minimizes equipment wear.
Extends service life.
Exhibits excellent anti-foam properties.
Improves air separation.
Well-suited for use in heavily watered systems."
42,Aminol™ Hydraulic HVLPD 46,"Aminol™ Hydraulic HVLPD 46 is a premium detergent hydraulic oil formulated with high-quality mineral base stocks and state-of-the-art additive technology. It contains selected agents to improve resistance to aging, corrosion protection, and extreme pressure properties.",AL/HF-0036,aminoltm-hydraulic-hvlpd-46,Not available,Not available,Not available,Not available,"DIN 51524-3 (HVLPD)
ISO 6743/4 (HV)
AFNOR NF 48 603 (HV)
Daimler DBL 6721",Not available,,,2025-05-24 08:24:59.875+00,,13,,"",Aminol™ Hydraulic HVLPD 46 is recommended for application in the hydraulic systems of both stationary and mobile machinery that operate within an extensive temperature range and under conditions of elevated pollution.,"Exceptionally stable viscosity
High anti-wear performance
Excellent detergent characteristics
High resistance to oxidation and hydrolysis
Superior anticorrosion and antirust properties"
4,Aminol™ SlideFlow 100,"Aminol™ Slideway Oil 68 is specially designed for the lubrication of machine tool slides, tables and feed mechanisms. It features exceptional quality base oils and special additives to offer excellent adhesive and friction properties, prevent stick-slip and ensure smooth movement.",AL/SO-0004,aminoltm-slideflow-100,Not available,Not available,Not available,Not available,"DIN 51502 CGLP
DIN 51517-3 (CLP)
ISO 19378 GA & GB
ISO 11158 HG
SO 6743-4 (L-HG)
ISO 6743-13 (L-GA, L-GB)",Not available,,,2025-05-24 08:24:59.514+00,,10,,"","Aminol™ SlideFlow 100 is suitable for slideways, tables, carriages, guides and all machining center applications where a tacky extreme pressure lubricant is required. It may also be used for the lubrication of headstocks, cross feeds, saddles and gearboxes.","Superior oxidation stability
Exceptional adhesiveness
High load carrying capacity 
Excellent demulsification
Controlled frictional characteristics
Long term rust and corrosion protection
Multi-material capabilities"
65,Aminol™ CircoSynth 150 LX,"Aminol™ CircoSynth 150 LX is an exceptional performance circulating, gear, and bearing oil formulated with synthetic base fluids, enhanced with advanced anti-oxidant, anti-wear, anti-rust, and anti-foam additives. It provides outstanding performance, including energy efficiency, filterability, and long service life, even under extremely heavy-duty conditions.",AL/CO-0017,aminoltm-circosynth-150-lx,Not available,Not available,Not available,Not available,"AGMA 9005-F16
DIN 51517-3
ISO 12925-1 Category CKT",Not available,,,2025-05-24 08:25:00.077+00,,14,,"","Filled-for-life gearboxes, particularly high ratio/low-efficiency worm gears
Remote gearboxes, challenging for oil change-out
Mixer roll bearings and roll neck bearings exposed to high temperatures
Plastic calendars
Severe centrifuge applications, including marine centrifuges","Exceptional thermal and oxidation stability
Superb deposit and varnish control
Effective lubrication at high temperatures
High load-carrying capability
Outstanding resistance to rusting and corrosion
Remarkable seal compatibility"
193,Aminol™ Special Generation SLG9 5W-30 SP/GF-6A,"Aminol™ Special Generation SLG9 5W-30 SP/GF-6A is a contemporary synthetic motor oil with low viscosity, designed to meet the increased demands of the latest generation gasoline engines. It exhibits exceptional performance in new generation turbocharged gasoline direct-injection engines (T-GDI), effectively preventing occurrences of low-speed pre-ignition (LSPI) and formation of high-temperature deposits.",AL/EO-0009,aminoltm-special-generation-slg9-5w-30-spgf-6a,SP,GF-6A,Not available,Not available,"GM dexos1 Gen 2
GM 6094M
Chrysler MS-6395
Ford WSS-M2C946-B1
Ford WSS-M2C961-A1","Chrysler MS 13340
Fiat  9.55535-CR1
Ford WSS-M2C945-A
Ford WSS-M2C947-A
VW 530 34",,,2025-05-24 08:25:01.186+00,,1,14,"","Aminol™ Special Generation SLG9 5W-30 SP/GF-6A is suitable for use in automotive gasoline engines where the manufacturer recommends an API SP, ILSAC GF-6 5W-30 lubricant.","Exceptional engine durability
Extended drain intervals
Improved wear protection
Elevated viscosity index
Rapid cold weather starting
Enhanced fuel economy
Effective mitigation of Low-Speed Pre-Ignition (LSPI)
Improved frictional properties"
221,Aminol™ Premium PMG2 15W-40 SL/CF,"Aminol™ Premium PMG2 15W-40 SL/CF is a universal high-performance engine oil with particularly good dirt-suspending and cleaning power. It has been engineered to ensure the greatest lubricating film stability, ideal oil pressure and maximum wear protection even under critical conditions.",AL/EO-0037,aminoltm-premium-pmg2-15w-40-slcf,SL/CF,Not available,Not available,Not available,"MB 229.1
VW 501.01/505.00",Not available,,,2025-05-24 08:25:01.396+00,,1,15,"",Aminol™ Premium PMG2 15W-40 SL/CF is suitable for use in automotive gasoline and diesel vehicles where the manufacturer recommends:  API SL/CF.,"Superior thermal and oxidation stability
Outstanding wear and deposit control
Excellent detergent/dispersant properties
Instant lubrication after cold start
Steadfast oil drain intervals
Favorable viscosity range
Confident corrosion protection"
46,Aminol™ Hydraulic  WR HLP 100,"Aminol™ Hydraulic  WR HLP 100 is a premium-grade hydraulic oil blended with highly refined base oils and an advanced additive package. Its formulation exhibits enhanced features, including superior antioxidant, anti-corrosive, anti-wear, anti-foam, and viscosity properties.",AL/HF-0040,aminoltm-hydraulic-wr-hlp-100,Not available,Not available,Not available,Not available,"DIN 51524-2 (HLP), Sulzer, KraussMaffei",Not available,,,2025-05-24 08:24:59.915+00,,13,,"","Aminol™ Hydraulic  WR HLP 100 is recommended for application in the hydraulic systems of industrial equipment that operate under rigorous mechanical and thermal demands. It is particularly well-suited for deployment in conditions of severe waterlogging, ensuring optimal performance and reliability","Minimizes equipment wear.
Extends service life.
Exhibits excellent anti-foam properties.
Improves air separation.
Well-suited for use in heavily watered systems."
34,Aminol™ Hydraulic HVLP 150,"Aminol™ HVLP 68 is a high-performance anti-wear hydraulic oil derived from premium quality raffinates. Engineered to deliver exceptional protection and performance, it excels in various applications, including most mobile equipment, operating efficiently across a wide range of ambient temperatures.",AL/HF-0027,aminoltm-hydraulic-hvlp-150,Not available,Not available,Not available,Not available,"DIN 51524-3 (HV)
ISO 11158 (HV)
ASTM D6158 (HV)
SAE MS 1004 
AIST 126/127
GB 11118.1-2011 (L-HV)",Not available,,,2025-05-24 08:24:59.798+00,,13,,"","Industrial and mobile equipment hydraulic systems operating at high pressures and temperatures in critical applications
Systems where cold start-up and high operating temperatures are typical
Systems requiring a high degree of load-carrying capability and anti-wear protection
Machines employing a wide range of components using various metallurgy","Exceptional thermal and oxidation stability
Superior wear resistance
Enhanced corrosion protection
Excellent anti-foam properties
Ultra clean performance"
118,Aminol™ Special Generation SLD2 10W-30 CK-4,"Aminol™ Special Generation SLD2 10W-30 CK-4 is a premium, high-performance diesel engine oil designed to enhance engine longevity and offer extended drain intervals for modern diesel engines, even in challenging conditions. It is engineered for diverse heavy-duty applications, both on- and off-highway, including engines operating under heavy loads",AL/EO-0050,aminoltm-special-generation-sld2-10w-30-ck-4,CK-4/CJ-4,Not available,E6/E7/E9,Not available,"MB 228.31/228.51
Deutz DQC IV- 18 LA
Volvo VDS - 4.5
Mack EOS - 4.5
Renault Trucks RLD-3","Chrysler MS-10902
Cummins CES 20081
Cummins CES 20086, Caterpillar ECF-3
Detroit Diesel DFS 93K222
Deutz DQC III-10 LA, MTU Typ 3.1",,,2025-05-24 08:25:00.518+00,,1,7,"","Aminol™ Special Generation SLD2 10W-30 CK-4 can be used in naturally aspirated and turbocharged heavy duty diesel engines, both in mobile and stationary equipment, where the API CK-4 service category and SAE 10W-30 viscosity grade are specified.","Exceptional oxidation resistance
Outstanding soot and viscosity management
Low-temperature fluidity and pumpability
Resilience against corrosive and abrasive wear
Superior performance in severe conditions
Tailored for seamless cold-weather starts
Extended emissions aftertreatment system life"
164,Aminol™ Heat Transfer Oil 68,"Aminol™ Heat Transfer Oil 68 is a top-quality heat transfer fluid designed for closed indirect heating systems. Crafted from highly refined base stocks, it offers exceptional oxidation stability and remarkable resistance against thermal cracking.",AL/HO-0003,aminoltm-heat-transfer-oil-68,Not available,Not available,Not available,Not available,"DIN 51522
ISO 6743-12 Family Q
ISO L-QB/QC",Not available,,,2025-05-24 08:25:00.912+00,,8,,"","Aminol™ Heat Transfer Oil 68 is recommended for thermo-oil boilers, air heaters, thermostats, steam generators, waste heat exchangers, and other industrial or household heat-transfer units. The maximum temperature under forced circulation is 330 °C.","Ensures reliable operation at high temperatures with exceptional thermal stability.
Prolongs service life through robust oxidation resistance.
Sustains heat transfer conductivity, optimizing system efficiency.
Exhibits remarkable endurance at elevated temperatures, leaving no residue.
Facilitates smooth operation at low temperatures.
Delivers outstanding corrosion protection for systems."
237,Aminol™ Turbo EP 46,"Aminol™ Turbo EP 46 is a premium trubine fluid specifically designed for use in gas turbines and combined cycles operating under severe conditions. Formulated with carefully selected base stocks and additives, it ensures excellent oxidation stability, outstanding anti-foam properties, rapid air release, and exceptionally high demulsibility.",AL/TR-0005,aminoltm-turbo-ep-46,Not available,Not available,Not available,Not available,"Siemens TLV 9013 04/9013 05 
ALSTOM HTGD 90 117 V0001Y
GEK 27070/28143B/32568K/46506E
DIN 51515 Parts I/II
MORGOIL® Advanced Lubricant New Oil Revision 2.5a
AIST 120/125
AGMA 9005-F16 
British Standard BS489",Not available,,,2025-05-24 08:25:01.523+00,,11,,"","Aminol™ Turbo EP 46 is significantly exceeds the demanding service requirements of gas and steam turbine operators in power generation, prime movers, and other industrial applications. It is primarily recommended for geared heavy-duty gas turbines that require a turbine fluid providing superior wear and scuffing protection.","Exceptional oxidation resistance
Extra high thermal stability
Superior anti-wear and extreme-pressure properties
Robust rust and anti-corrosion performance
Longer component life
Excellent air and water separability"
239,Aminol™ Solidol,Aminol™ Solidol is an anti-friction universal grease made from a mixture of high-quality medium-viscosity petroleum oils thickened with hydrated calcium soap of fatty acids of vegetable and animal fats.,AL/GR-0002,aminoltm-solidol,Not available,Not available,Not available,Not available,"DIN 51502: K2/3 C-25
NLGI 2-3",Not available,,,2025-05-24 08:25:01.536+00,,16,,"","Aminol™ Solidol can be used in various industrial machinery, vehicle friction components, agricultural equipment, hand tools, as well as rolling and sliding bearings, hinges, screw and chain drives, and low-speed gearboxes.","Exceptional protective properties, even under high humidity conditions
Excellent water resistance
Favorable viscosity-temperature characteristics
Dependable anti-wear properties
Effective corrosion protection for metals
High colloidal stability
Outstanding extrapressure resistance"
245,Aminol™ TP-30,"Aminol™ TP-30 is a mineral turbine oil formulated with paraffinic base oils and an advanced additive package to enhance antioxidation, anticorrosion, and demulsifying properties.
Designed to lubricate and cool components such as turbo-compressor machines, steam and gas turbines, and hydraulic turbines, it also serves as hydraulic fluid in control systems operating with high-speed loaded gears.",AL/GO-0020,aminoltm-tp-30,Not available,Not available,Not available,Not available,"ISO VG 46
GOST 9972-74",Not available,,,2025-05-24 08:25:01.667+00,,19,,"","Aminol™ TP-30 is intended for lubricating and cooling bearings of such various turbo-units as steam and gas turbines, water turbines, turbo-compressor machines, ship steam turbine units and other analogous types of equipment. It can also be used as working liquids for turbo-units’ regulating systems, circulating and hydraulic systems of diverse industrial mechanisms.","Excellent oxidative stability
Effective rust and corrosion protection
Minimal cavitation
Exceptional thermal stability
Good demulsifying properties"
54,Aminol™ Circulating Oil 220 AW,"Aminol™ Circulating Oil 220 AW is a rust and oxidation inhibited, anti-wear circulating oil developed to provide effective lubrication for friction parts and diverse mechanisms. It is blended with high-quality mineral base oils and a carefully selected additive package to prevent oxidation, corrosion, and wear.",AL/CO-0006,aminoltm-circulating-oil-220-aw,Not available,Not available,Not available,Not available,"DIN 51524/1 (HL)
DIN 51517-2 (CL)
ISO 11158 (HL)
ISO-L-HL",Not available,,,2025-05-24 08:24:59.992+00,,14,,"","Aminol™ Circulating Oil 32 AW is a multipurpose oil suitable for lubricating assembly blocks in machines and devices that don't require extreme pressure properties. It's also ideal for moderately loaded gears, gear couplings, hydraulic pumps, and various bearings, including high-temperature paper machine bearings, where EP properties are not needed","Excellent oxidation and thermal stability
Outstanding anti-wear characteristics
Remarkable water-separating properties
Exceptional foam resistance
Effective protection against rust and corrosion"
88,Aminol™ Brake& Clutch Fluid DOT-4,"Aminol™ Brake& Clutch Fluid DOT-4 is an extra high-performance glycol-based automotive brake fluid designed for conventional hydraulic brake and clutch systems. It has specially been developed to extend the operating life of brake system components of motor vehicles while providing excellent braking performance, high boiling point, and superior resistance to moisture.",AL/BF-0002,aminoltm-brake-clutch-fluid-dot-4,Not available,Not available,Not available,Not available,"FMVSS 116 DOT 4
FMVSS 116 DOT 3 
ISO 4925 Class 4 
SAE J1704
SAE J1703",Not available,,,2025-05-24 08:25:00.234+00,,21,,"","Aminol™ Brake& Clutch Fluid DOT-4 is recommended for use in the disc, drum, and Anti-locking Brake Systems (ABS) of commercial vehicles, passenger cars, and motorcycles operating under moderate to severe conditions, requiring DOT 4 type fluid. It is also suitable for hydraulic clutch release systems.","Provides excellent brake performance and pedal feel
Protects brake system components against corrosion and wear
Resistant to high temperatures and boiling points
Compatible with most rubber seals and gaskets used in brake systems"
89,Aminol™ Nauta C25,Aminol™ Nauta C25 is a highly dependable low-alkaline cylinder lubricant explicitly formulated for slow speed 2-stroke engines operating on distillate fuels containing up to 0.1% sulfur content,AL/MO-0001,aminoltm-nauta-c25,Not available,Not available,Not available,Not available,MAN ES,Not available,,,2025-05-24 08:25:00.245+00,,15,,"","Aminol™ Nauta C25 is recommended for continuously lubricating the cylinders of large, low-speed marine diesel engines using low sulfur fuel (<0.1% sulfur). It applies across all loads and operating conditions, including continuous operation within Emissions Control Area (ECA) zones.","Outstanding thermal and oxidation stability
Excellent deposit control for clean engine parts
Enables optimized feed rates for operation
Prevents scuffing
Reduces liner and ring wear
Allows for extended intervals between overhauls"
97,Aminol™ Transmission TN2 75W-90 GL-4,Aminol™ Transmission TN2 75W-90 GL-4 is a last-generation energy-conserving all-season gear oil based on unique ground components. Its advance chemistry provides flawless aggregate functioning even under the most difficult conditions and during large temperature fluctuations.,AL/TF-0016,aminoltm-transmission-tn2-75w-90-gl-4,GL-4,Not available,Not available,Not available,"MAN 341 Z-1
MB 235.1
ZF TE-ML 02A/16A/17A/19A
MIL-L-2105 D",Not available,,,2025-05-24 08:25:00.31+00,,7,24,"","Aminol™ Transmission TN2 75W-90 GL-4 is suitable for in mechanical (manual and robotic) gear boxes, transfer boxes and steering mechanisms as well as main gears of cars, buses, SUVs, trucks and other vehicles where an API GL-4 quality oil is recommended.","Fuel savings and reduced emissions
Exceptional thermal and oxidation stability 
Enhanced frictional properties
Outstanding low temperature fluidity
Excellent resistance for wear, corrosion and foaming
Superior extreme pressure performance"
110,Aminol™ Transmission EP 80W GL-5,"Aminol™ Transmission EP 80W GL-5 is a high-performance, high-pressure gear oil made from carefully selected base oils and multifunctional EP additives. It has been specially designed to eliminate the need for seasonal transmission oil changes.",AL/TF-0029,aminoltm-transmission-ep-80w-gl-5,GL-5,Not available,Not available,Not available,ZF TE-ML 07A,"MAN 342 Typ M1, Volvo 97314, Ford SQM-2C-9002 AA, MB 235.0, MIL-L-2105 D, ZF TE-ML 05A,  ZF TE-ML 16B, ZF TE-ML 16C, ZF TE-ML 16D, ZF TE-ML 17B",,,2025-05-24 08:25:00.424+00,,7,33,"","Aminol™ Transmission EP 80W GL-5 is recommended for highly stressed vehicle transmissions without limited-slip differentials, particularly for axle drives with hypoid gears.","Exceptional resistance to aging
High-pressure absorption capacity
Reduced operational noise
Minimized friction
Superior protection for yellow metal components
Compatibility with standard sealing materials
Outstanding viscosity/temperature characteristics"
167,Aminol™ Classic CS3 SAE 50 CF-4/SG,"Aminol™ Classic CS3 SAE 50 CF-4/SG is a premium monograde mineral engine oil designed for robust performance in heavy-load diesel-powered engines, both those equipped with a turbocharger and those without, especially when operating under demanding and challenging conditions.",AL/EO-0077,aminoltm-classic-cs3-sae-50-cf-4sg,CF-4/SG,Not available,Not available,Not available,Not available,"MB-227.0, MIL L-2104 E, MIL L-46152 E",,,2025-05-24 08:25:00.935+00,,1,19,"",Aminol™ Classic CS3 SAE 50 CF-4/SG is suitable for use in naturally aspirated and supercharged diesel engines operating under mild duty service conditions.,"Provides excellent oxidation stability and effective deposit control, ensuring consistent engine cleanliness and reliability.
Engineered to minimize wear and extend maintenance intervals.
Formulated to reduce oil consumption, thus managing costs effectively.
Its superior detergency effectively manages piston ring deposits and controls sludge buildup."
57,Aminol™ Circulating Oil 680 AW,"Aminol™ Circulating Oil 680 AW is a rust and oxidation inhibited, anti-wear circulating oil developed to provide effective lubrication for friction parts and diverse mechanisms. It is blended with high-quality mineral base oils and a carefully selected additive package to prevent oxidation, corrosion, and wear.",AL/CO-0009,aminoltm-circulating-oil-680-aw,Not available,Not available,Not available,Not available,"DIN 51524/1 (HL)
DIN 51517-2 (CL)
ISO 11158 (HL)
ISO-L-HL",Not available,,,2025-05-24 08:25:00.023+00,,14,,"","Aminol™ Circulating Oil 32 AW is a multipurpose oil suitable for lubricating assembly blocks in machines and devices that don't require extreme pressure properties. It's also ideal for moderately loaded gears, gear couplings, hydraulic pumps, and various bearings, including high-temperature paper machine bearings, where EP properties are not needed","Excellent oxidation and thermal stability
Outstanding anti-wear characteristics
Remarkable water-separating properties
Exceptional foam resistance
Effective protection against rust and corrosion"
80,Aminol™ GearSynth 68,"Aminol™ GearSynth 68 is a fully synthetic, premium-performance, extreme-pressure lubricant specifically designed for enclosed industrial gears and bearings that operate under severe load conditions and extreme temperatures. Formulated using synthetic PAO base oils and specially selected additive technologies, it provides excellent protection against corrosion, wear, micropitting, and offers an extended oil service life due to its exceptional thermal stability",AL/GO-0008,aminoltm-gearsynth-68,Not available,Not available,Not available,Not available,"AIST 224
AGMA 9005-F16-AS
DIN51517-3 (CLP)
ISO 12925-1 Type CKD
FAG
SKF",Not available,,,2025-05-24 08:25:00.164+00,,19,22,"","Aminol™ GearSynth 68 is suitable for application in industrial transmissions, where roller and plain bearings are subjected to high pressure and also for large-scale plants with pressure-feed lubrication systems.","Long drain intervals
Exceptional film strength and extreme pressure resistance
Robust protection against rust and corrosion
Extended equipment life
Effective water separation and demulsification characteristics
Low foaming tendency"
100,Aminol™ Transmission TN5 85W-140 GL-5,"Aminol™ Transmission TN5 85W-140 GL-5  is a high-performance, heavy-duty gear oil formulated using premium base stocks and enhanced with special extreme pressure additives. Designed for automotive applications, particularly heavy-duty axles and final drives that experience extreme pressures and shock loading, it delivers exceptional performance that aligns with the API GL-5 service requirements.",AL/TF-0019,aminoltm-transmission-tn5-85w-140-gl-5,GL-5,Not available,Not available,Not available,"MIL-L 2105 D 
MAN 342 Type  M2
ZF TE-ML 05A/07A/12E/16B/16C/16D/17B/19B/21A",Not available,,,2025-05-24 08:25:00.333+00,,7,27,"","Heavy-duty axles and final drives requiring API GL-5 level performance
Cars, on-highway light and heavy-duty trucks, and commercial vehicles
Off-highway industries including construction, mining, quarrying, and agriculture
Other heavy-duty industrial and automotive applications involving hypoid gears operating under conditions where high-speed/shock load, high-speed/low torque, and/or low-speed/high torque prevail","Excellent wear resistance
Exceptional lubricating properties
High resistance to oxidation
Stable viscosity at elevated temperatures
Prevents foaming
Neutral towards seal materials"
147,Aminol™ FD-1 SAE 60,"Aminol™ FD-1 SAE 60 is a specialized lubricant designed for modern Caterpillar off-road equipment, specifically tailored for severe service conditions that necessitate lubricants meeting CAT FD-1 specifications. Formulated with top-tier base stocks and distinctive additives, it ensures superior performance and facilitates extended oil drain intervals.",AL/TF-0005,aminoltm-fd-1-sae-60,Not available,Not available,Not available,Not available,Caterpillar FD-1,Not available,,,2025-05-24 08:25:00.758+00,,5,20,"","Aminol™ FD-1 SAE 60 is recommended for use in all Caterpillar final drives and axles.
It should not be used in compartments which contain friction material, unless final drive & axle oil has been specified.","Prolongs component life.
Extends drain intervals.
Enhances performance across varying temperatures.
Improves rust and corrosion protection.
Provides excellent defense against foaming."
198,Aminol™ Ultra Plus 5W-30 SN/C3,Aminol™ Ultra Plus 5W-30 SN/C3 is a high-grade motor oil formulated for ultimate performance and protection under all operating conditions. It has been designed to fulfill the latest standards of leading engine manufacturers.,AL/EO-0014,aminoltm-ultra-plus-5w-30-snc3,SN,Not available,C3,Not available,"MB 229.31/229.51/229.52
Opel OV0401547
GM dexos2","Renault RN 0700/0710
VW 502.00/505.00/505.01",,,2025-05-24 08:25:01.221+00,,1,14,"","Aminol™ Ultra Plus 5W-30 SN/C3 5W-30 is suitable for use in automotive gasoline and diesel vehicles where the manufacturer recommends: ACEA C3, API SN.","Avoids fuel overconsumption
Reduces the formation of combustion ashes
Provides exceptionally high temperature stability
Ensures excellent dispersion and detergency properties
Makes cold starting easier
Delivers outstanding protection against corrosion, wear and foam"
238,Aminol™ Litol 24,"Aminol™ Litol 24 is a multipurpose waterproof industrial grease thickened by with technical lithium soap of 12-hydroxystearic acid. It provides reliable performance in a wide temperature, load and speed range due to high dropping point, good water resistance and shear stability.",AL/GR-0001,aminoltm-litol-24,Not available,Not available,Not available,Not available,"DIN 51502: K3K-40
NLGI 3",Not available,,,2025-05-24 08:25:01.53+00,,16,,"","Aminol™ Litol 24 is suitable for use in a wide range of industrial applications, including bearings, gears, and sliding surfaces. It is recommended for use in industrial machinery, automotive applications, and construction equipment.","Excellent protection against wear, rust, and corrosion
Highly resistant to water washout 
Superior mechanical stability
Consistent performance over a wide range of temperatures and operating conditions
Exceptional adhesive properties
Better pumpability, allowing for easy application and distribution"
55,Aminol™ Circulating Oil 320 AW,"Aminol™ Circulating Oil 320 AW is a rust and oxidation inhibited, anti-wear circulating oil developed to provide effective lubrication for friction parts and diverse mechanisms. It is blended with high-quality mineral base oils and a carefully selected additive package to prevent oxidation, corrosion, and wear.",AL/CO-0007,aminoltm-circulating-oil-320-aw,Not available,Not available,Not available,Not available,"DIN 51524/1 (HL)
DIN 51517-2 (CL)
ISO 11158 (HL)
ISO-L-HL",Not available,,,2025-05-24 08:25:00.001+00,,14,,"","Aminol™ Circulating Oil 32 AW is a multipurpose oil suitable for lubricating assembly blocks in machines and devices that don't require extreme pressure properties. It's also ideal for moderately loaded gears, gear couplings, hydraulic pumps, and various bearings, including high-temperature paper machine bearings, where EP properties are not needed","Excellent oxidation and thermal stability
Outstanding anti-wear characteristics
Remarkable water-separating properties
Exceptional foam resistance
Effective protection against rust and corrosion"
226,Aminol™ Premium Hybrid 0W-20 SN/GF-5,Aminol™ Premium Hybrid 0W-20 SN/GF-5 is an advanced low viscosity engine oil designed to help deliver outstanding engine protection and enhanced fuel efficiency under severe driving conditions. It has been engineered with a proprietary blend of high-quality base stocks and a precisely balanced component additive system.,AL/EO-0042,aminoltm-premium-hybrid-0w-20-sngf-5,SN,GF-5,Not available,Not available,"GM dexos1
Ford WSS-M2C947-A
Chrysler MS-6395",Not available,,,2025-05-24 08:25:01.424+00,,1,2,"","Aminol™ Premium Hybrid 0W-20 SN/GF-5 is recommended for all modern 4-stroke gasoline engines requiring an API SN, ILSAC GF-5 motor oil in SAE 0W-20 viscosity grade","Excellent stay-in-grade stability 
Outstanding engine cleanliness
Extended drain interval
Superb fuel economy effect
Extraordinary sludge and varnish deposit control
High protection against rust and corrosion"
233,Aminol™ Turbo T-32,"Aminol™ Turbo T-32 is a high performance turbine oil developed for use in gas and steam turbines operating under mild conditions.  Its formulation integrates carefully selected base stocks along with the latest additive technology to ensure oxidation stability, rust protection, excellent air release and rapid water separation capabilities.",AL/TR-0001,aminoltm-turbo-t-32,Not available,Not available,Not available,Not available,"GEK 28143B & 46506E
JIS K 2213
Siemens TLV 9013 04 (non-EP)
DIN 51515 Part I
ASTM D4304-06A Type I
AIST 120/125
British Standard BS489",Not available,,,2025-05-24 08:25:01.489+00,,11,,"","Industrial steam turbines and light-duty gas turbines that do not require enhanced anti-wear performance for the gearbox. 
Hydroelectric turbine lubrication
Numerous applications where strong control over rust and oxidation is required
Centrifugal and axial dynamic turbo-compressors and pumps, where an R&O type or turbine oil is advisable","High thermal and oxidation stability
Favourable rust and corrosion control 
Prolonged oil lifetime 
Excellent air release
Good filterability
Compatible with seals and gaskets
Low foaming tendency"
6,Aminol™ SlideFlow 220,"Aminol™ SlideFlow 220 is specially designed for the lubrication of machine tool slides, tables and feed mechanisms. It features exceptional quality base oils and special additives to offer excellent adhesive and friction properties, prevent stick-slip and ensure smooth movement.",AL/SO-0006,aminoltm-slideflow-220,Not available,Not available,Not available,Not available,"DIN 51502 CGLP
DIN 51517 Part 3
ISO 19378 GA & GB
ISO 11158 HG
SO 6743-4 (L-HG)
ISO 6743-13 (L-GA, L-GB)
Cincinnati Milacron P-50",Not available,,,2025-05-24 08:24:59.536+00,,10,,"","Aminol™ SlideFlow 220 is suitable for slideways, tables, carriages, guides and all machining center applications where a tacky extreme pressure lubricant is required. It may also be used for the lubrication of headstocks, cross feeds, saddles and gearboxes.","Superior oxidation stability
Exceptional adhesiveness
High load carrying capacity 
Excellent demulsification
Controlled frictional characteristics
Long term rust and corrosion protection
Multi-material capabilities"
30,Aminol™ Hydraulic HVLP 32,"Aminol™ HVLP 68 is a high-performance anti-wear hydraulic oil derived from premium quality raffinates. Engineered to deliver exceptional protection and performance, it excels in various applications, including most mobile equipment, operating efficiently across a wide range of ambient temperatures.",AL/HF-0023,aminoltm-hydraulic-hvlp-32,Not available,Not available,Not available,Not available,"DIN 51524-3 (HV); ISO 11158 (HV); Bosch Rexroth RDE 90235; Denison HF-0/HF-1/HF-2; Eaton E-FDGN-TB002-E; Fives Cincinnati P68; GB 11118.1-2011 (L-HV); ASTM D6158 (HV); GM LS 2; AIST 126, 127; SAE MS 1004, SEB 181222",Not available,,,2025-05-24 08:24:59.766+00,,13,,"","Industrial and mobile equipment hydraulic systems operating at high pressures and temperatures in critical applications
Systems where cold start-up and high operating temperatures are typical
Systems requiring a high degree of load-carrying capability and anti-wear protection
Machines employing a wide range of components using various metallurgy","Exceptional thermal and oxidation stability
Superior wear resistance
Enhanced corrosion protection
Excellent anti-foam properties
Ultra clean performance"
63,Aminol™ CircoSynth 68 LX,"Aminol™ CircoSynth 68 LX is an exceptional performance circulating, gear, and bearing oil formulated with synthetic base fluids, enhanced with advanced anti-oxidant, anti-wear, anti-rust, and anti-foam additives. It provides outstanding performance, including energy efficiency, filterability, and long service life, even under extremely heavy-duty conditions.",AL/CO-0015,aminoltm-circosynth-68-lx,Not available,Not available,Not available,Not available,"AGMA 9005-F16
DIN 51517-3
ISO 12925-1 Category CKT",Not available,,,2025-05-24 08:25:00.063+00,,14,,"","Filled-for-life gearboxes, particularly high ratio/low-efficiency worm gears
Remote gearboxes, challenging for oil change-out
Mixer roll bearings and roll neck bearings exposed to high temperatures
Plastic calendars
Severe centrifuge applications, including marine centrifuges","Exceptional thermal and oxidation stability
Superb deposit and varnish control
Effective lubrication at high temperatures
High load-carrying capability
Outstanding resistance to rusting and corrosion
Remarkable seal compatibility"
203,Aminol™ Ultra Power 0W-30 SP/C3,"Aminol™ Ultra Power 0W-30  SP/C3 is a premium quality engine oil designed for superior performance and protection across various conditions. It meets the rigorous standards of leading engine manufacturers and incorporates advanced additives, extending the lifespan of modern engine systems and actively reducing harmful emissions.",AL/EO-0019,aminoltm-ultra-power-0w-30-spc3,SP,Not available,C3,Not available,"BMW Longlife-04
MB 226.5/229.31/229.51
Opel OV 040 1547 - D30/G30
Renault RN 0700/0710","Fiat  9.55535-DS1
Fiat 9.55535-GS1",,,2025-05-24 08:25:01.263+00,,1,3,"","Aminol™ Ultra Power 0W-30  SP/C3 is suitable for all types of modern gasoline and light-duty diesel engines. It is fully compatible with all emission reduction systems, including DPF, TWC, EGR, and SCR.","Enhanced resistance against chain-wear.
Excellent protection against LSPI phenomenon.
Low fuel consumption.
Fast cold start properties.
Exceptional lubrication film.
Outstanding engine cleanliness and durability.
Compatibility with emission reduction systems."
235,Aminol™ Turbo T-68,"Aminol™ Turbo T-68 is a high performance turbine oil developed for use in gas and steam turbines operating under mild conditions.  Its formulation integrates carefully selected base stocks along with the latest additive technology to ensure oxidation stability, rust protection, excellent air release and rapid water separation capabilities.",AL/TR-0003,aminoltm-turbo-t-68,Not available,Not available,Not available,Not available,"GEK 28143B & 46506E
JIS K 2213
Siemens TLV 9013 04 (non-EP)
DIN 51515 Part I
ASTM D4304-06A Type I
AIST 120/125
British Standard BS489",Not available,,,2025-05-24 08:25:01.507+00,,11,,"","Industrial steam turbines and light-duty gas turbines that do not require enhanced anti-wear performance for the gearbox. 
Hydroelectric turbine lubrication
Numerous applications where strong control over rust and oxidation is required
Centrifugal and axial dynamic turbo-compressors and pumps, where an R&O type or turbine oil is advisable","High thermal and oxidation stability
Favourable rust and corrosion control 
Prolonged oil lifetime 
Excellent air release
Good filterability
Compatible with seals and gaskets
Low foaming tendency"
248,Aminol™ Quench Oil 68,"Aminol™ Quenching Oil 68 is a high-quality quenching fluid designed for the heat treatment of ferrous metals across various quenching processes. Crafted to facilitate deep and uniform hardening, it minimizes distortion and cracking, ensuring a smooth surface finish.",AL/QO-0003,aminoltm-quench-oil-68,Not available,Not available,Not available,Not available,"ISO 6743-14 L-UHA
ISO 6743-14 L-UHB",Not available,,,2025-05-24 08:25:01.681+00,,17,,"","Aminol™ Quenching Oil 68 is recommended for the conventional and fast quenching of ferrous metals, such as carbon steel, gray iron, and alloy steel.","Controlled cooling rate to minimize cracking and distortion
Achieves a good surface finish
Demonstrates excellent oxidation resistance and thermal stability
Low volatility reduces oil loss through vaporization"
39,Aminol™ Hydraulic HLPD 32,"Aminol™ Hydraulic HLPD 32 is a premium-quality hydraulic fluid with pronounced detergent and dispersing properties. It ensures consistently high performance and ultimate cleanliness in industrial and mobile hydraulic systems, even under heavy load conditions and in environments affected by water and dust.",AL/HF-0033,aminoltm-hydraulic-hlpd-32,Not available,Not available,Not available,Not available,"DIN 51524-2 (HLPD)
ISO 6743/4 (HM)
MAN N 698
Daimler DBL 6721",Not available,,,2025-05-24 08:24:59.848+00,,13,,"","Aminol™ Hydraulic HLPD 32 is suitable for a broad spectrum of industrial and manufacturing applications that demand a high level of dispersancy, especially in instances of water ingress or contamination. It is particularly recommended for use in the hydraulic systems of machine tools, where there is a risk of water-mixed cutting fluids entering the hydraulic system.","Outstanding water emulsifying ability
Superior anti-wear properties
Remarkable resistance to oxidation and thermal degradation
Exceptional foam control and rapid air release properties
Effective corrosion protection
Excellent cleaning properties"
109,Aminol™ Transmission EP 80W GL-4,Aminol EP 80W GL-4 is an advanced fluid formulated with a blend of handpicked base oils and multifunctional extreme pressure additives to provide high-performance and high-pressure capabilities. Specifically designed for use in applications where API GL-4 performance is required.,AL/TF-0028,aminoltm-transmission-ep-80w-gl-4,GL-4,Not available,Not available,Not available,"MIL-L 2105D
MB 235.1
MAN 341 Typ E1
MAN 341 Typ Z2
ZF TE-ML 02A/17A",Not available,,,2025-05-24 08:25:00.415+00,,7,33,"","Aminol™ Transmission EP 80W GL-4 is recommended for transmissions, manual transmissions, and axle drives with normal to high loading for which an API GL4 gear oil is required.","Mitigates operational noise
Compatible with prevalent sealing materials
Demonstrates exceptional resistance to aging
Displays commendable viscosity/temperature characteristics
Minimizes wear-related effects
Exhibits noteworthy high-pressure absorption capacity"
211,Aminol™ Super SPG3 5W-40 SN/CF,"Aminol™ Super SPG3 5W-40 SN/CF is a high-tech low-friction engine oil based on synthetic technology. It has specially been designed to keep the engine running like new by providing exceptional wear protection, cleaning power and overall performance.",AL/EO-0027,aminoltm-super-spg3-5w-40-sncf,SN/CF,Not available,A3/B4,Not available,"MB 226.5/229.3 
VW 502.00/505.00
Porsche A40
Renault RN 0700/0710
PSA  B71-2296",Not available,,,2025-05-24 08:25:01.326+00,,1,15,"","Aminol™ Super SPG3 5W-40 SN/CF is suitable for use in automotive gasoline and diesel vehicles where the manufacturer recommends: ACEA A3/B4, API SN/CF.","Outstanding engine cleanliness
Exceptional thermal stability and oxidation resistance 
Sustained engine component protection 
Optimized fuel consumption
Minimized harmful exhaust emissions"
241,Aminol™ I-20A,Aminol™ I-20A is a high-quality mineral-based general-purpose lubricant designed for use in a wide range of industrial applications. It has been made of distillate or a mixture of distillate with a residual of sulphurous and low-sulfur solvent-refined oils without additives to provide system efficiency of industrial machines and mechanisms where the operating conditions do not demand enhanced antioxidant and anticorrosive properties of oils.,AL/GO-0016,aminoltm-i-20a,Not available,Not available,Not available,Not available,Not available,Not available,,,2025-05-24 08:25:01.646+00,,19,,"","Aminol™ I-20A is recommended for using as hydraulic fluids in hydraulic systems of industrial machinery, automated lines and presses. It can also be used in gearboxes, slideways, and others equipment under light or moderate loads, where special lubricants are not required.","High antioxygenic and anti-wear properties
Good demulsifying capability
Better protection against rust and corrosion
Extended equipment life
Universal application in various systems and components of industrial machinery"
44,Aminol™ Hydraulic  WR HLP 46,"Aminol™ Hydraulic  WR HLP 46 is a premium-grade hydraulic oil blended with highly refined base oils and an advanced additive package. Its formulation exhibits enhanced features, including superior antioxidant, anti-corrosive, anti-wear, anti-foam, and viscosity properties.",AL/HF-0038,aminoltm-hydraulic-wr-hlp-46,Not available,Not available,Not available,Not available,"DIN 51524-2 (HLP), Sulzer, KraussMaffei",Not available,,,2025-05-24 08:24:59.893+00,,13,,"","Aminol™ Hydraulic  WR HLP 46 is recommended for application in the hydraulic systems of industrial equipment that operate under rigorous mechanical and thermal demands. It is particularly well-suited for deployment in conditions of severe waterlogging, ensuring optimal performance and reliability","Minimizes equipment wear.
Extends service life.
Exhibits excellent anti-foam properties.
Improves air separation.
Well-suited for use in heavily watered systems."
56,Aminol™ Circulating Oil 460 AW,"Aminol™ Circulating Oil 460 AW is a rust and oxidation inhibited, anti-wear circulating oil developed to provide effective lubrication for friction parts and diverse mechanisms. It is blended with high-quality mineral base oils and a carefully selected additive package to prevent oxidation, corrosion, and wear.",AL/CO-0008,aminoltm-circulating-oil-460-aw,Not available,Not available,Not available,Not available,"DIN 51524/1 (HL)
DIN 51517-2 (CL)
ISO 11158 (HL)
ISO-L-HL",Not available,,,2025-05-24 08:25:00.013+00,,14,,"","Aminol™ Circulating Oil 32 AW is a multipurpose oil suitable for lubricating assembly blocks in machines and devices that don't require extreme pressure properties. It's also ideal for moderately loaded gears, gear couplings, hydraulic pumps, and various bearings, including high-temperature paper machine bearings, where EP properties are not needed","Excellent oxidation and thermal stability
Outstanding anti-wear characteristics
Remarkable water-separating properties
Exceptional foam resistance
Effective protection against rust and corrosion"
177,Aminol™ Mould Oil 15,"Aminol™ Mould Oil 15 is a release agent containing specialized mineral oil raffinates with rust inhibiting and separating properties. It forms a chemical-physical separating film that prevents adhesion between setting material and the mould, making it suitable for the production of concrete slabs and pre-stressed concrete.",AL/MR-0002,aminoltm-mould-oil-15,Not available,Not available,Not available,Not available,ISO 3448 VG 15,Not available,,,2025-05-24 08:25:01.039+00,,18,,"","Aminol™ Mould Oil 15 is suitable for steel and coated wooden shuttering used in concrete construction and the concrete industry, particularly with heated molds.","Ensures smooth concrete surface quality
Avoids surface impairment from adhesive or coating adhesion
Prevents staining, discoloration, and dust formation
Leaves no residue on the mould, allowing easy cleaning
Offers mold protection for extended use
Provides corrosion protection for the mould"
202,Aminol™ Ultra Power 5W-40  SP/C3,"Aminol™ Ultra Power 5W-40  SP/C3 is a premium quality engine oil designed for superior performance and protection across various conditions. It meets the rigorous standards of leading engine manufacturers and incorporates advanced additives, extending the lifespan of modern engine systems and actively reducing harmful emissions.",AL/EO-0018,aminoltm-ultra-power-5w-40-spc3,SP,Not available,C3,Not available,"BMW Longlife-04
MB 229.31/ 229.51","Fiat 9.55535-S2
Ford WSS-M2C917-A
VW 505.01/505.00",,,2025-05-24 08:25:01.253+00,,1,15,"","Aminol™ Ultra Power 5W-40  SP/C3 is suitable for all types of modern gasoline and light-duty diesel engines. It is fully compatible with all emission reduction systems, including DPF, TWC, EGR, and SCR.","Enhanced resistance against chain-wear.
Excellent protection against LSPI phenomenon.
Low fuel consumption.
Fast cold start properties.
Exceptional lubrication film.
Outstanding engine cleanliness and durability.
Compatibility with emission reduction systems."
217,Aminol™ Super SPG9 20W-50 SN/CF,"Aminol™ Super SPG9 20W-50 is a high-tech low-friction engine oil based on synthetic technology. It has specially been designed to keep the engine running like new by providing exceptional wear protection, cleaning power and overall performance.",AL/EO-0033,aminoltm-super-spg9-20w-50-sncf,SN/CF,Not available,A3/B4,Not available,"MB 229.1 
VW 501.00/505.00",Not available,,,2025-05-24 08:25:01.374+00,,1,12,"","Aminol™ Super SPG9 20W-50 SN/CF is suitable for use in automotive gasoline and diesel vehicles where the manufacturer recommends: ACEA A3/B4, API SN/CF.","Outstanding engine cleanliness
Exceptional thermal stability and oxidation resistance 
Sustained engine component protection 
Optimized fuel consumption
Minimized harmful exhaust emissions"
1,Aminol™ SlideFlow 32,"Aminol™ SlideFlow 32 is specially designed for the lubrication of machine tool slides, tables and feed mechanisms. It features exceptional quality base oils and special additives to offer excellent adhesive and friction properties, prevent stick-slip and ensure smooth movement.",AL/SO-0001,aminoltm-slideflow-32,Not available,Not available,Not available,Not available,"DIN 51524 Part 2
DIN 51502 CGLP
DIN 51517 Part 3
ISO 19378 GA & GB
ISO 11158 HG
ISO 6743-4 (L-HG)
ISO 6743-13 (L-GA, L-GB)
Cincinnati Milacron P-53",Not available,,,2025-05-24 08:24:59.482+00,,10,,"","Aminol™ SlideFlow 32 is suitable for slideways, tables, carriages, guides and all machining center applications where a tacky extreme pressure lubricant is required. It may also be used for the lubrication of headstocks, cross feeds, saddles and gearboxes.","Superior oxidation stability
Exceptional adhesiveness
High load carrying capacity 
Excellent demulsification
Controlled frictional characteristics
Long term rust and corrosion protection
Multi-material capabilities"
2,Aminol™ SlideFlow 46,"Aminol™ SlideFlow 46 is specially designed for the lubrication of machine tool slides, tables and feed mechanisms. It features exceptional quality base oils and special additives to offer excellent adhesive and friction properties, prevent stick-slip and ensure smooth movement.",AL/SO-0002,aminoltm-slideflow-46,Not available,Not available,Not available,Not available,"DIN 51524 Part 2
DIN 51502 CGLP
DIN 51517 Part 3
ISO 19378 GA & GB
ISO 11158 HG
SO 6743-4 (L-HG)
ISO 6743-13 (L-GA, L-GB)",Not available,,,2025-05-24 08:24:59.493+00,,10,,"","Aminol™ SlideFlow 46 is suitable for slideways, tables, carriages, guides and all machining center applications where a tacky extreme pressure lubricant is required. It may also be used for the lubrication of headstocks, cross feeds, saddles and gearboxes.","Superior oxidation stability
Exceptional adhesiveness
High load carrying capacity 
Excellent demulsification
Controlled frictional characteristics
Long term rust and corrosion protection
Multi-material capabilities"
3,Aminol™ SlideFlow 68,"Aminol™ SlideFlow 68 is specially designed for the lubrication of machine tool slides, tables and feed mechanisms. It features exceptional quality base oils and special additives to offer excellent adhesive and friction properties, prevent stick-slip and ensure smooth movement.",AL/SO-0003,aminoltm-slideflow-68,Not available,Not available,Not available,Not available,"DIN 51524 Part 2
DIN 51502 CGLP
DIN 51517 Part 3
ISO 19378 GA & GB
ISO 11158 HG
SO 6743-4 (L-HG)
ISO 6743-13 (L-GA, L-GB)
Cincinnati Milacron P-47",Not available,,,2025-05-24 08:24:59.504+00,,10,,"","Aminol™ SlideFlow 68 is suitable for slideways, tables, carriages, guides and all machining center applications where a tacky extreme pressure lubricant is required. It may also be used for the lubrication of headstocks, cross feeds, saddles and gearboxes.","Superior oxidation stability
Exceptional adhesiveness
High load carrying capacity 
Excellent demulsification
Controlled frictional characteristics
Long term rust and corrosion protection
Multi-material capabilities"
121,Aminol™ Special Generation SLD5 15W-40 CK-4,"Aminol™ Special Generation SLD5 15W-40 CK-4 is a top-notch diesel engine oil made with high-quality base stocks and a carefully balanced additive package. It's designed to work seamlessly with exhaust aftertreatment systems, such as diesel particulate filters (DPFs), diesel oxidation catalysts (DOCs), and selective catalytic reduction (SCR).",AL/EO-0053,aminoltm-special-generation-sld5-15w-40-ck-4,CK-4/SN,Not available,E9,Not available,"MB-228.31
MAN M3775
Volvo VDS-4.5
Mack EOS-4.5 
Renault Trucks RLD-4
Cummins CES 20086
Caterpillar ECF-3
Detroit Diesel DDC 93K222
Deutz DQC III-18LA","MB 228.3
Ford WSS-M2C171-F1
MTU Type 2.1
Deutz DQC III-10 LA
JASO DH-2
 IVECO: T2 E7",,,2025-05-24 08:25:00.548+00,,1,15,"","Aminol™ Special Generation SLD5 15W-40 CK-4 can be used in naturally aspirated and turbocharged heavy duty diesel engines, both in mobile and stationary equipment, where the API CK-4 service category and SAE 15W-40 viscosity grade are specified.","Exceptional soot dispersancy and wear control
Improved thermal stability and oxidation resistance
Prolonged life of exhaust aftertreatment systems
Effective protection of engine parts from all types of corrosion
Reduced foaming and efficient resistance to aeration
Excellent viscosity-temperature behavior
Seal-friendly formulation"
125,Aminol™ Super CNG 10W-40,"Aminol™ Super CNG 10W-40 is a high-performance heavy-duty engine oil developed specifically for spark-ignited CNG and LNG fueled truck and bus engines. Formulated with carefully selected additives, it provides superior detergency, dispersancy, oxidation and nitration resistance, along with protection against engine wear and corrosion.",AL/EO-0057,aminoltm-super-cng-10w-40,CF,Not available,Not available,Not available,"Cummins CES 20074
Detroit Diesel DDC 93K216",Not available,,,2025-05-24 08:25:00.59+00,,1,8,"","Aminol™ Super CNG 10W-40 is recommended for use in engines of trucks and buses running on CNG (Compressed Natural Gas) and LNG (Liquefied Natural Gas). It is also compatible with Exhaust Gas Recirculation (EGR) Systems, Three Way Catalysts, and other emissions reduction technologies.","High thermal and oxidation stability
Extended drain interval capability
Advanced wear protection
Effective detergency/dispersancy
Optimized ash level
Easy engine start at low temperatures
Reduced oil consumption due to low volatility
Good engine cleanliness"
130,Aminol™ Premium PMD4 10W-30 CI-4/SL,"Aminol™ Premium PMD4 10W-30 CI-4/SL is an extra high-performance heavy-duty diesel engine oil designed to provide long engine life and extended drain capability for today’s diesel engines operating in severe applications. Its advanced chemistry delivers outstanding performance in both modern, demanding low-emission diesel engines and older diesel engines operating on low or high sulfur fuel.",AL/EO-0062,aminoltm-premium-pmd4-10w-30-ci-4sl,CI-4/SL,Not available,E7,DH-1,"Global DHD-1; MB 228.3; MTU Type 2; Volvo VDS 3; Mack EO-N; Renault RLD-2; DDC 93K215, Cummins CES 20077/20078; Deutz DQC III-18; MAN 3275-1, CAT ECF 1a",Not available,,,2025-05-24 08:25:00.633+00,,1,7,"","Aminol™ Premium PMD4 10W-30 CI-4/SL is recommended for use in modern four-stroke diesel engines of heavy duties under severe conditions, including vehicles equipped with EGR and SCR NOx reduction systems (not suitable for Diesel Particulate Filters). It fulfills the requirements of the EU Euro I/II/III/IV/V emission standards.","Extended service intervals and long-drain oil refreshment periods
High thermal and oxidation stability
Low volatility, excellent wear and bore polish control
Easy cold start-up 
Advanced detergent/dispersant properties
Outstanding engine cleanliness"
133,Aminol™ Avantgarde AD2 15W-40 CH-4/SJ,"Aminol™ Avantgarde AD2 15W-40 CH-4/SJ is a high performance solution designed to provide superior performance, particularly for diesel engines used in demanding on- and off-highway heavy duty applications. Formulated using the latest synthetic technology, it excels in several critical aspects of engine care.",AL/EO-0065,aminoltm-avantgarde-ad2-15w-40-ch-4sj,CH-4/SJ,Not available,E7,Not available,"MB 228.3 
MTU Type 2 
MAN M 3275-1
CES 20076
Deutz DQC II-18",Not available,,,2025-05-24 08:25:00.648+00,,1,15,"","Aminol Aminol™ Avantgarde AD2 15W-40 CH-4/SJ is recommended for all types of diesel and gasoline engines where the manufacturer specifies the API CH-4/SJ service category. It is also suitable for on-road and off-road applications, including equipment that are exposed to extreme low temperature.","Superior soot viscosity control
High resistance to corrosive and abrasive wear
Outstanding thermal and oxidative stability
Excellent low-temperature pumpability
Improved corrosion protection with extended drain intervals
Shear stability to maintain grade consistency"
135,Aminol™ Avantgarde AD4 10W-30 CH-4/SJ,"Aminol™ Avantgarde AD4 10W-30 CH-4/SJ is a high performance solution designed to provide superior performance, particularly for diesel engines used in demanding on- and off-highway heavy duty applications. Formulated using the latest synthetic technology, it excels in several critical aspects of engine care.",AL/EO-0067,aminoltm-avantgarde-ad4-10w-30-ch-4sj,CH-4/SJ,Not available,E7,Not available,"MB 228.3 
MTU Type 2 
MAN M 3275-1
CES 20076
Deutz DQC II-18",Not available,,,2025-05-24 08:25:00.658+00,,1,7,"","Aminol Aminol™ Avantgarde AD4 10W-30 CH-4/SJ is recommended for all types of diesel and gasoline engines where the manufacturer specifies the API CH-4/SJ service category. It is also suitable for on-road and off-road applications, including equipment that are exposed to extreme low temperature.","Superior soot viscosity control
High resistance to corrosive and abrasive wear
Outstanding thermal and oxidative stability
Excellent low-temperature pumpability
Improved corrosion protection with extended drain intervals
Shear stability to maintain grade consistency"
138,Aminol™ Advance AC6 10W-40 CF-4/SG,"Aminol™ Advance AC6 10W-40 CF-4/SG is a high performance, heavy duty engine oil that provides proven protection to naturally aspirated and turbo charged diesel engines operating under a wide variety of service conditions. It has been designed to meet the requirements of API CF-4, CF and SG performance categories.",AL/EO-0070,aminoltm-advance-ac6-10w-40-cf-4sg,CF-4/SG,Not available,Not available,Not available,Not available,"ACEA E2
MAN 270
Allison C-4
MB 228.1/235.12
Caterpillar TO-2
Deutz DQC I-02
MTU DDC Type-2",,,2025-05-24 08:25:00.676+00,,1,8,"","Wide range of turbocharged and non-turbocharged diesel engines requiring API CF-4, CF as well as SG performances, and meeting Euro 2 emission standard 
On-highway heavy-duty trucks, buses including mixed fleets with gasoline engines
Off-highway applications including agriculture, mining, construction, quarrying vehicles","Improved protection against corrosion, and deposits
Exceptional engine cleanliness and reduced sludge formation
Excellent viscosity control and engine protection in high-temperature operations
Superior cold-start performance and wear protection during low-temperature operations
Outstanding piston and ring seal protection
Compatible with most engine seals and gaskets"
149,Aminol™ AirTec  32,Aminol™ AirTec  32 is a high-performance lube oil specially engineered to meet the stringent requirements of major compressor manufacturers . It has been blended from carefully selected base oils and a well-balanced additive package to ensure excellent corrosion protection and ageing resistance as well as a low tendency to form carbon residues and deposits.,AL/CF-0001,aminoltm-airtec-32,Not available,Not available,Not available,Not available,"DIN 51506 VDL (VB, VC)
ISO 6743/3A  (L-DAA)",Not available,,,2025-05-24 08:25:00.774+00,,12,,"","Reciprocating compressors transmitting air, inert (non-corrosive) and hydrocarbon gases
Reciprocating compressors up to 160 °C compression discharge temperature
Oil lubricated sliding and rolling bearings","Remarkable anti-wear performance 
Better low-temperature fluidity
Resistant to aging over time
Decreased deposits in discharge lines
Improved water-separating properties"
154,Aminol™ AirTec 220,Aminol™ AirTec  220 is a high-performance lube oil specially engineered to meet the stringent requirements of major compressor manufacturers . It has been blended from carefully selected base oils and a well-balanced additive package to ensure excellent corrosion protection and ageing resistance as well as a low tendency to form carbon residues and deposits.,AL/CF-0006,aminoltm-airtec-220,Not available,Not available,Not available,Not available,"DIN 51506 VDL (VB, VC)
ISO 6743/3A  (L-DAA)",Not available,,,2025-05-24 08:25:00.818+00,,12,,"","Reciprocating compressors transmitting air, inert (non-corrosive) and hydrocarbon gases
Reciprocating compressors up to 160 °C compression discharge temperature
Oil lubricated sliding and rolling bearings","Remarkable anti-wear performance 
Better low-temperature fluidity
Resistant to aging over time
Decreased deposits in discharge lines
Improved water-separating properties"
156,Aminol™ AirTec VDL 46,"Aminol™ AirTec VDL 46 is an advanced low-friction compressor oil that combines highly refined conventional base stocks with cutting-edge additive technology. It is specially designed to deliver extraordinary lubrication for centrifugal, piston, rotary screw and sliding vane compressors.",AL/CF-0008,aminoltm-airtec-vdl-46,Not available,Not available,Not available,Not available,"DIN 51506 VDL
ISO 6743/3A  (L-DAB, L-DAC, L-DAH, L-DAG)",Not available,,,2025-05-24 08:25:00.838+00,,12,,"","Reciprocating air compressor crankcases and cylinders
Rotary screw compressors
Rotary vane compressors
Axial and centrifugal compressors
Compressor systems with critical gears and bearings
Compressors used in stationary and mobile applications","Superior thermal and oxidation stability 
Excellent varnish and sludge control 
High load carrying capability 
Enhanced resistance to rusting and corrosion
Outstanding anti-wear, demulsibility and anti-foam properties
Exceptional water separability"
171,Aminol™ AgriMaster STOU 10W-30,"Aminol™ AgriMaster STOU 10W-30, designed for agricultural machinery, is a multifunctional lubricating oil formulated with top-grade solvent-refined base oils and a unique additive system. Ensuring long-term reliability and an extended operational life, it has universal application in engines, transmissions, hydraulic systems, fluid flywheels, and wet brakes.",AL/TO-0001,aminoltm-agrimaster-stou-10w-30,CF-4/CG-4/SF/GL-4,Not available,E3,Not available,"ZF TE-ML 06B/6C/6R/07B, MF M1135/M1139/1143/M1144/M1145, Allison C4, Caterpillar TO-2, JD J20C/J20D/J27, NH 030C/024C/410B/420A, NH 82009201/2/3, CNH MAT 3525/3526, Case MS 1204/6/7/9, Ford M2C159B/C, Ford M2C86B/C, Ford M2C134D, MB 227.1, Danfoss, Eaton M2950S/1-286-S",Not available,,,2025-05-24 08:25:00.98+00,,4,7,"","Aminol™ AgriMaster STOU 10W-30 is recommended for use in modern tractors and agricultural machinery equipped with or without turbocharged diesel engines. It is also universally applicable for the transmission, power take-off, final drive, hydraulic system, and oil-immersed wet brakes.","Excellent thermal- and oxidation stability
Superior dispersancy and detergency
Exceptional cold start properties
Improved protection against wear, corrosion and foam
Outstanding oil film strength
High pressure-absorption capability"
175,Aminol™ Agritrans UTTO 10W-30,"Aminol™ Agritrans UTTO 10W-30 is a premium multifunctional fluid  designed for year-round service in today's combined drive systems (transmission and hydraulic) and wet brakes fitted to agricultural tractors and off-road equipment. It has been formulated from high quality base oils and additives, including advanced friction modifiers to ensure smooth clutch engagement.",AL/TO-0005,aminoltm-agritrans-utto-10w-30,GL-4,Not available,Not available,Not available,"Allison C4
Caterpillar TO-2
John Deere JDM J20C/J20D
CNH MAT 3525 
Massey Ferguson CMS M1135/M1141/M1143/M1145
VCE WB101
ZF TE-ML-03E/05F/06K/17E/21F
Ford M2C86-B /M2C134-D",Not available,,,2025-05-24 08:25:01.019+00,,4,7,"","Aminol™ Agritrans UTTO 10W-30 can be used in most agricultural transmissions, integrated hydraulic systems, power take off’s and certain axles, including those fitted with oil immersed wet brakes. It is also suitable for gearboxes requiring API GL-4 performance.","Exceptional thermal stability and oxidation resistance 
High viscosity index and improved shear stability
Excellent anti-wear and extreme pressure capacity
Optimal clutch and PTO performance
Enhanced low temperature properties"
181,Aminol™ Antifreeze G11 Ready Mix -40°C,"Aminol™ Antifreeze G11 Ready Mix is a ready-to-use, inorganic (IAT - Inorganic Acid Technology) silicate solution designed for year-round use in modern cooling systems that include copper, brass, and aluminum components, and where the use of ethylene-glycol-based antifreeze is recommended.",AL/AF-0001,aminoltm-antifreeze-g11-ready-mix-40c,Not available,Not available,Not available,Not available,"AFNOR NF R15-601 (France), AS 2108 (Australia), ASTM D3306 (USA), BS 6580 (UK), CUNA NC 956-16 (Italy), ONORM V 5123 (Austria), FVV, Heft R443 (Germany), SAE J 1034, UNE 26-361 (Spain), MAN - 324 NF, MB 325.0, MTU - MTL 5048, VW - TL 774-C, ASTM D4985 (USA), POLISH STANDARD  PN-C-40007, BMW 83 19 2 211 195, JIS K 2234",Not available,,,2025-05-24 08:25:01.079+00,,22,,"","Outstanding corrosion protection
Excellentheat conductivity properties
Exceptional protection against overheating
Prevention of freezing in the cooling system
Mitigation of operational malfunctions
Remarkable antifoaming characteristics
Compatibility with rubber and plastics","Aminol™ Antifreeze G11 Ready Mix -40°C is recommended for use both in passenger cars and commercial vehicles. It is compatible with all cooling system components, including aluminum radiators. 

This product is ready to use and does not require dilution with water."
182,Aminol™ Antifreeze G12+ Ready Mix -40°C,"Aminol™ Antifreeze G12+ Ready Mix is a ready-to-use automotive radiator fluid comprising demineralized water, ethylene glycol, and a state-of-the-art blend of balanced corrosion inhibitors employing OAT technology. It has been designed to provide outstanding protection against frost, corrosion and overheating for engines of both ferrous and aluminum construction.",AL/AF-0002,aminoltm-antifreeze-g12-ready-mix-40c,Not available,Not available,Not available,Not available,"AFNOR NF R15-601 (France), AS 2108 (Australia), ASTM D3306 (USA), ASTM D4656 (USA), ASTM D4985 (USA), BS 6580: 2010 (UK), CUNA NC 956-16, FVV Heft R443, SAE J 1034, NATO S-759, UNE 26361-88, Cummins CES 14603, DAF 74002, Ford WSS-M97B44-D, General Motors GM 6277M, MAN 324 SNF, MB 325.3, Renault 41-01-001, SEAT TL 774 D & F, Skoda TL 774 D & F, Volkswagen VAG TL 774 D & F, Volvo VCS",Not available,,,2025-05-24 08:25:01.089+00,,22,,"","Prevents deposits effectively
Provides reliable protection for metals and alloys (brass, copper, alloy-treated steel, cast iron, aluminum) from all forms of corrosion
Offers unsurpassed protection against cavitation
Minimizes foam formation
Enhances heat transfer
Extends service life in cooling systems","Aminol™ Antifreeze G12+ Ready Mix -40°C is suitable for all types of radiators made of cast iron, aluminum, copper alloys, or their combinations. It is especially recommended for modern engines, where high-temperature protection of aluminum is particularly important.

This product is ready to use and does not require dilution with water."
186,Aminol™ Special Generation SLG2 0W-20 C5,"Aminol™ Special Generation SLG2 0W-20 C5 is a top-tier full synthetic engine oil formulated to provide unparalleled performance and protection across diverse operational scenarios. It has been precisely designed to meet the rigorous demands of renowned automotive brands such as Audi, Porsche, Seat, Škoda, and VW.",AL/EO-0002,aminoltm-special-generation-slg2-0w-20-c5,Not available,Not available,C5,Not available,"Porsche C20
VW 508.00/509.00","API SP
ILSAC GF-6A
VW TL 52 577
Ford WSS-M2C 956-A1",,,2025-05-24 08:25:01.134+00,,1,2,"","Aminol™ Special Generation SLG2 0W-20 C5 is specifically recommended for high-performance gasoline and diesel engines from Audi, Porsche, Seat, Škoda, and VW, fitted with catalytic converters (CAT) and Diesel Particulate Filters (DPF). It is not backward compatible with previous Volkswagen specifications and cannot be used in previous-generation VAG engines.

Aminol™ Special Generation SLG2 0W-20 C5 is also suitable for use in all types of gasoline and diesel engines where the manufacturer recommends an ACEA C5 0W-20 lubricant","Outstanding wear resistance
Enhanced operational reliability
Excellent cold-start performance
Exceptional oxidation resistance
Optimal fuel efficiency
Reduced start-up time"
187,Aminol™ Special Generation SLG3 0W-20 C5/C6,"Aminol™ Special Generation SLG3 0W-20 C5/C6  is an advanced full synthetic motor oil, showcasing exceptional performance achieved through the utilization of high-quality raw materials and cutting-edge technologies. It ensures flawless engine operation across various temperatures and operational contexts, also facilitating reduced fuel consumption.",AL/EO-0003,aminoltm-special-generation-slg3-0w-20-c5c6,SP,GF-6A,C5/C6,Not available,"BMW Longlife-17 FE+
Jaguar/Land Rover STJLR.03.5006
MB 229.71/229.72
Opel OV 040 1547","Chrysler MS-12145
Fiat 9.55535-GSX
Ford WSS-M2C 947-B1
Ford WSS-M2C 962-A1",,,2025-05-24 08:25:01.144+00,,1,2,"","Aminol™ Special Generation SLG3 0W-20 C5/C6 can be used in automotive gasoline and diesel vehicles where the manufacturer recommends: ACEA C5, ACEA C6, API SP, ILSAC GF-6 or earlier specification 0W-20 lubricant.
It is not suitable for use in heavy trucks and similar vehicles","Remarkable engine cleanliness
Outstanding performance in both high and low temperatures
Excellent wear protection
High shear stability
Reliable lubrication performance
Prolonged engine service life
Smooth engine operation
Optimal resistance to aging"
188,Aminol™ Special Generation SLG4 0W-16 SP/GF-6B,"Aminol™ Special Generation SLG4 0W-16 SP/GF-6B is a premium-grade low-friction motor oil that offers exceptional wear protection, reduces both oil and fuel consumption, maintains engine cleanliness, and facilitates rapid oil penetration. Tailored for contemporary Asian and American gasoline engines, it stands as an ideal choice.",AL/EO-0004,aminoltm-special-generation-slg4-0w-16-spgf-6b,SP,GF-6B,Not available,Not available,"Honda, Lexus, Suzuki, Toyota",Not available,,,2025-05-24 08:25:01.152+00,,1,1,"","Aminol™ Special Generation SLG4 0W-16 SP/GF-6B is recommended especially for Hybrid Electric Vehicles (H.E.V) and Plug-in Hybrid Electric Vehicles (P.H.E.V) fitted with recent gasoline engines, turbocharged or naturally aspirated, direct or indirect injection, designed to use SAE 0W-16 oil with low friction and very low HTHS  viscosity. It is compatible with catalytic converters.","Remarkable cold start performance
Fuel-efficient attributes
Superb wear protection
Exceptional engine cleanliness
Optimal aging stability"
190,Aminol™ Special Generation SLG6 5W-20 SP/GF-6A,"Aminol™ Special Generation SLG6 5W-20 SP/GF-6A is a superior quality multi-grade motor oil formulated with an advanced low-friction additive system, ensuring maximum engine protection even in the most challenging driving conditions. It delivers significant fuel savings and minimizes carbon emissions, making it particularly suitable for extended oil change intervals",AL/EO-0006,aminoltm-special-generation-slg6-5w-20-spgf-6a,SP,GF-6A,Not available,Not available,"GM dexos1 Gen 3
GM 6094M
Chrysler MS-6395
Ford WSS-M2C930-A
Ford WSS-M2C945-A/B1
Ford WSS-M2C960-A1","API SN Plus
API SN/RC
ILSAC GF-5
Fiat 9.55535-CR1
Ford  WSS-M2C946-A
Ford  WSS-M2C947-A
Ford  WSS-M2C962-A",,,2025-05-24 08:25:01.167+00,,1,13,"","Aminol™ Special Generation SLG6 5W-20 SP/GF-6A is recommended for all types of modern gasoline-powered vehicles, including high-performance turbocharged, supercharged, multi-valve, fuel-injected engines found in passenger cars, SUVs, light vans, and light trucks requiring a viscosity grade of SAE 5W-20 API SP, ILSAC GF-6A, Resource Conserving engine oil. It is backward compatible with API SN PLUS, API SN, and ILSAC GF-5.","Enhanced protection against timing chain wear and Low Speed Pre-Ignition (LSPI)
Improved cleanliness
Exceptional engine durability
Superior fuel efficiency
High thermal and oxidation stability
Quick cold weather starting
Compatibility with ECS (Emission Control System)"
236,Aminol™ Turbo EP 32,"Aminol™ Turbo EP 32 is a premium trubine fluid specifically designed for use in gas turbines and combined cycles operating under severe conditions. Formulated with carefully selected base stocks and additives, it ensures excellent oxidation stability, outstanding anti-foam properties, rapid air release, and exceptionally high demulsibility.",AL/TR-0004,aminoltm-turbo-ep-32,Not available,Not available,Not available,Not available,"Siemens TLV 9013 04/9013 05 
ALSTOM HTGD 90 117 V0001Y
GEK 27070/28143B/32568K/46506E
DIN 51515 Parts I/II
MORGOIL® Advanced Lubricant New Oil Revision 2.5a
AIST 120/125
AGMA 9005-F16 
British Standard BS489",Not available,,,2025-05-24 08:25:01.515+00,,11,,"","Aminol™ Turbo EP 32 is significantly exceeds the demanding service requirements of gas and steam turbine operators in power generation, prime movers, and other industrial applications. It is primarily recommended for geared heavy-duty gas turbines that require a turbine fluid providing superior wear and scuffing protection","Exceptional oxidation resistance
Extra high thermal stability
Superior anti-wear and extreme-pressure properties
Robust rust and anti-corrosion performance
Longer component life
Excellent air and water separability"
240,Aminol™ I-12A,Aminol™ I-12A is a high-quality mineral-based general-purpose lubricant designed for use in a wide range of industrial applications. It has been made of distillate or a mixture of distillate with a residual of sulphurous and low-sulfur solvent-refined oils without additives to provide system efficiency of industrial machines and mechanisms where the operating conditions do not demand enhanced antioxidant and anticorrosive properties of oils.,AL/GO-0015,aminoltm-i-12a,Not available,Not available,Not available,Not available,Not available,Not available,,,2025-05-24 08:25:01.635+00,,19,,"","Aminol™ I-12A is recommended for using as hydraulic fluids in hydraulic systems of industrial machinery, automated lines and presses. It can also be used in gearboxes, slideways, and others equipment under light or moderate loads, where special lubricants are not required.","High antioxygenic and anti-wear properties
Good demulsifying capability
Better protection against rust and corrosion
Extended equipment life
Universal application in various systems and components of industrial machinery"
278,Aminol™  ATF DX-IIIH,"Aminol™  ATF DX-IIIH is a high-performance lubricant designed for use in automatic gearboxes and hydraulic clutches that demand a Dexron III type automatic transmission fluid. It ensures flawless operation of fluid transmissions, even in challenging conditions and wide temperature variations, providing reliability and consistency.",AL/TF-0007,aminoltm-atf-dx-iiih,Not available,Not available,Not available,Not available,"Allison C4, Allison TES 389, GM Dexron IID, GM Dexron IIIG, GM Dexron IIIH, GM Dexron TASA (Typ A/Suffix A), Voith H55. 6335.XX (G 607), MAN 339 Typ. L1, MAN 339 Typ. L2, MAN 339 Typ. Z1, MAN 339 Typ. V1, MB 236.1, MB 236.9, Volvo CE97340, Volvo CE97341, ZF TE-ML 02F, ZF TE-ML 03D , ZF TE-ML 05L, ZF TE-ML 21L, ZF TE-ML 09, ZF TE-ML 11A, TE-ML 11B, ZF TE-ML  04D, ZF TE-ML 14A, ZF TE-ML 17C",Not available,,,2025-05-27 07:54:43.464263+00,,,,"",Aminol™ ATF DX-IIIH is suitable for all automatic transmissions with and without controlled torque converter lockup clutch. It can also be used in hydraulic and power steering systems.,"Exceptional thermal and oxidation stability 
High viscosity index
Outstanding anti-wear properties
Favorable friction behavior
Confident corrosion protection
Superior low temperature pumpability and circulation
Excellent foam control
Better seal compatibility"
279,Aminol™  ATF SP-III,"Aminol™  ATF SP-III is a synthetic automatic transmission fluid  engineered to surpass the service fill specifications of MITSUBISHI, HYUNDAI, and KIA vehicles equipped with 4-5 speed automatic transmission systems requiring SP III fluid. Formulated with precision-selected components, it ensures effective wear protection and optimal friction characteristics, thereby extending the transmission's lifespan.",AL/TF-0008,aminoltm-atf-sp-iii,Not available,Not available,Not available,Not available,"Mitsubishi Diaqueen SP-II/SP-III, Daihatsu Ammix ATF D3-SP, Toyota DII/DIII, TIII/T-IV, Honda ATF Z-1 (except in CVTs), Nissan Matic C/D/J, Mazda ATF M-III/M-V, Isuzu BESCO ATF-II and ATF-III, Hyunda/Kia SP-III, Subaru/Suzuki ATF",Not available,,,2025-05-27 07:54:43.482006+00,,,,"","Aminol™  ATF SP-III is recommended for use in MITSUBISHI, HYUNDAI, KIA, and other 4-5 speed automatic transmissions where SP-III fluid is required. It is backward compatible with SP and SP-II fluids.","Increased thermal-oxidative and chemical stability
Exceptional resistance to aeration and foam formation
Compatibility with all sealing materials
Excellent anti-corrosion and anti-sludge characteristics
Extended oil drain intervals
Efficient power transfer and anti-shudder performance"
280,Aminol™  ATF SP-IV,"Aminol™  ATF SP-IV is a synthetic, low viscosity automatic transmission fluid designed for 6 speed electronically controlled system of HYUNDAI and KIA passenger cars which require a fluid with SP-IV specification. It has been formulated to deliver reliable and consistent shift performance, enabling a smooth upshifting and downshifting experience.",AL/TF-0009,aminoltm-atf-sp-iv,Not available,Not available,Not available,Not available,"Hyundai ATF SP-IV, Hyundai Mobis 04500-00115 / 04500-00A15, Kia ATF SP-IV/UM090-CH042, FUSO ATF-SP-III/ATF-A3, JASO 1A-LV, Mazda ATF FZ, Mitsubishi SP-IV, Toyota WS, Nissan Matic S, Honda ATF-DW1",Not available,,,2025-05-27 07:54:43.493308+00,,,,"","Aminol™  ATF SP-IV is recommended for use in HYUNDAI, KIA and other 6 speed automatic transmissions where SP-IV fluid is required.  It is suitable for front wheel drive or all-wheel drive vehicles.
Aminol™  ATF SP-IV is NOT backward compatible nor interchangeable with ATF SP-III, ATF SP-II & ATF SP.","Extended oil durability
High resistance to sludge and deposit formation
Excellent corrosion protection
Superior flow behavior at low temperatures
Optimized friction characteristics
Improved shear stability
Enhanced fuel efficiency"
281,Aminol™  ATF T-IV,"Aminol ATF T-IV is a versatile automatic transmission fluid specifically designed to surpass the service fill demands of all TOYOTA and LEXUS vehicles equipped with AISIN WARNER gearboxes, which necessitate the use of ATF T-IV fluid. Its exceptional attributes ensure quiet and smooth gear shifts, while also facilitating efficient transmission power, even during challenging driving conditions.",AL/TF-0010,aminoltm-atf-t-iv,Not available,Not available,Not available,Not available,"Ford Pre-2005, GM Dexron IID/IIE/IIIG /IIIH, Honda ATF Z1, JASO M3151A/M3151A-LV13, Mitsubishi SP II/SP III, Chrysler ATF +3/+4,  Nissan Matic C/D/J, GM Dexron TASA, Toyota T-II/T-III/T-IV, ZF TE-ML 09/11A/11B",Not available,,,2025-05-27 07:54:43.503885+00,,,,"","Aminol ATF T-IV is recommended for automatic Toyota and Aisin AW gearboxes that require compliance with the TOYOTA TYPE-IV specifications. It can replace fluids T, T-II, and T-III.","Enhanced shift performance and improved vehicle driveability
Exceptionally low temperature fluidity
Superior wear protection, better shear stability, and resistance to oxidation
Reduced deposits and prevention of harmful acid formation
Optimized drain intervals"
282,Aminol™  ATF Mercon V,Aminol™  ATF Mercon V is a universal Automatic Transmission Fluid designed specifically for use in Ford Motor Company transmissions that require a MERCON V fluid. It has been formulated with premium base stocks and select additives to provide superior transmission life and promotes smooth shifting.,AL/TF-0011,aminoltm-atf-mercon-v,Not available,Not available,Not available,Not available,"Aisin Warner JWS 3309, JATCO 3100 PL085, Allison C-4, KIA SP-II/ SP-III, Audi G 052 025-A2/G-052-162-A1, MAN 339F/ 339 V1/339 V2/339 Z1/ 339 Z2/339 Z3, BMW (AE) LT 71141 ZF 5 Speed, 7045E (3 Series)/ETL-8072B (BMW 5 Series)/LA2634, Mazda ATF-M III, ATF-MV, Chrysler ATF +3 / ATF +4, Mitsubishi Diamond SP-II/ SP-III, MB 236.1, MB 236.2, MB 236.5, MB 236.6, MB 236.7, MB 236.9, MB 236.10, MB 236.11 (LT 71141), Nissan Matic-D/J/K , Subaru ATF-HP, Ford MERCON, MERCON V, Toyota T-III, T-IV, GM DEXRON, DEXRON-II/ IID, DEXRON-IIIG/H, Voith 55.6335.XX (G607)/ 55.6336.XX (G1363), Honda ATF-Z1, VW G 052 025-A2, VW G-052-162-A1, Hyundai SP-II/ SP-III, Volvo 97340, JASO 1-A, ZF TE-ML 03D/04D/09/14A/14B/14C/16L/17C",Not available,,,2025-05-27 07:54:43.510053+00,,,,"",Aminol™  ATF Mercon V can be used in all cars and trucks that require an automatic transmission fluid satisfying Ford Mercon and Mercon V performance levels. It is also suitable for applications that call for DEXRON-III H fluids.,"Prolonged fluid and transmission life
Exceptional oxidation stability and resistance to chemical deterioration
Controlled frictional properties
Excellent protection against rust and corrosion
Outstanding foam control
Improved low-temperature fluidity
Superior seal compatibility"
283,Aminol™  ATF DX-VI,"Aminol™  ATF DX-VI is a synthetic, high-performance, low-viscosity lubricant specially designed for modern automatic transmissions, whether equipped with or without a slip lockup clutch, requiring DEXRON VI fluid. Its advanced chemistry delivers excellent lubricating properties, ensuring quiet operation, smooth shifting, and exceptional wear protection",AL/TF-0012,aminoltm-atf-dx-vi,Not available,Not available,Not available,1A-LV,"GM Dexron-VI, Ford Mercon LV, Aisin Warner AW-1, BMW 83 22 0 142 516, BMW 83 22 2 152 426, BMW 83 22 2 289 720 , BMW 83 22 2 305 396, BMW 83 22 2 305 397, BMW 83 22 2 355 599, BMW M-1375.4, Fiat 9.55550-AV5, Honda ATF 3.1, Honda ATF DW-1, Hyundai SP-IV, Hyundai SP-IV-RR, Isuzu ATF WSI, JASO 1A-LV, JWS 3324 (Aisin Warner), Land Rover TYK 500050, Mazda ATF FZ, MB 236.12, MB 236.14, Mitsubishi Dia Queen ATF-MA1, Mitsubishi Dia Queen ATF-PA, Nissan AT-Matic S Fluid, Nissan Matic P, Toyota WS , VW G 055 005, VW G 055 162, VW G 055 540, VW G 060 162",Not available,,,2025-05-27 07:54:43.516471+00,,,,"","Aminol™ ATF DX-VI is recommended for use in automatic transmissions where DEXRON VI, MERCON LV or JASO-1A fluid is specified. It is designed to be fully back serviceable for DEXRON®-III (H), III(G) and II(E) applications.","Provides superior anti-wear and anti-corrosion properties
Enhances transmission performance and efficiency
Reduces friction and wear
Protects against deposits and sludge formation
Improves fuel economy"
284,Aminol™  ATF CVT,"Aminol™  ATF CVT is an ultra-high-performance fluid engineered with synthetic technology base stock.  Specifically designed for application in the latest generation of Continuously Variable Transmission (CVT) gearboxes, it provides exceptional anti-wear protection and consistent friction characteristics.",AL/TF-0013,aminoltm-atf-cvt,Not available,Not available,Not available,Not available,"BMW Mini Cooper EZL 799; Dodge/Jeep NS-2, CVTF+4 ; Ford CVT23, CVT30/Motorcraft XT-7-QCFT, Mercon C; GM/ Saturn DEX-CVT; Honda HMMF, HCF-2; Hyundai/ Kia CVT applications (SP-CVT 1); Mazda CVTF 3320; Mercedes Benz 236.20; Mitsubishi CVTF-J1, CVTF-J4; Nissan NS-2, NS-3; Shell Green 1V; Subaru Lineartronic CVTF (P/N K0425Y0710), CV-30, High Torque CVTF, e-CVTF; Suzuki TC, NS-2, CVTF 3320, CVT Green 1, CVT Green 2; Toyota TC, FE; Volkswagen/Audi TL 52180; G 052 180, G 052 516",Not available,,,2025-05-27 07:54:43.523792+00,,,,"","Aminol™  ATF CVT is recommended for use in the latest generation of Continuously Variable Transmission (CVT) gearboxes, which transfer traction via steel-made traction chain or push-belts. It should not be mixed with other ATF fluids designed for stepped automatic transmissions.","Strong thermal and oxidation stability.
Extended drain intervals.
Outstanding antiwear, antirust, and anticorrosion technology.
High viscosity index 
Improved foam control 
Enhanced low-temperature fluidity 
Compatibility with all common seal materials."
33,Aminol™ Hydraulic HVLP 100,"Aminol™ HVLP 68 is a high-performance anti-wear hydraulic oil derived from premium quality raffinates. Engineered to deliver exceptional protection and performance, it excels in various applications, including most mobile equipment, operating efficiently across a wide range of ambient temperatures.",AL/HF-0026,aminoltm-hydraulic-hvlp-100,Not available,Not available,Not available,Not available,"DIN 51524-3 (HV)
ISO 11158 (HV)
ASTM D6158 (HV)
SAE MS 1004 
AIST 126/127
GB 11118.1-2011 (L-HV)",Not available,,,2025-05-24 08:24:59.789+00,,13,,"","Industrial and mobile equipment hydraulic systems operating at high pressures and temperatures in critical applications
Systems where cold start-up and high operating temperatures are typical
Systems requiring a high degree of load-carrying capability and anti-wear protection
Machines employing a wide range of components using various metallurgy","Exceptional thermal and oxidation stability
Superior wear resistance
Enhanced corrosion protection
Excellent anti-foam properties
Ultra clean performance"
71,Aminol™ Paper Machine Oil 220,"Aminol™ Paper Machine Oil 220 is a high-performance paper machine circulating oil, utilizing ashless additive technology. It is engineered to deliver excellent lubrication performance while safeguarding equipment components from rust and corrosion.",AL/CO-0023,aminoltm-paper-machine-oil-220,Not available,Not available,Not available,Not available,"DIN 51524-2 (HLP)
DIN 51517-3 (CLP)
Voith VN 108
SKF
Metso
Anderitz
Beloit",Not available,,,2025-05-24 08:25:00.103+00,,14,,"","Circulating oil systems for paper machines
Suction box pumps, vacuum and white water pumps, agitators, reduction gears, and gear head motors
Oil circulation systems for pulp grinders and pulp refiners
Gear drive units and pumps in industrial applications
Plain and antifriction bearings operating at elevated temperatures","Excellent oxidation resistance and thermal stability
High load-carrying capability
Outstanding demulsibility
Improved rust and corrosion protection
Exceptional filterability"
72,Aminol™ Paper Machine Oil 320,"Aminol™ Paper Machine Oil 320 is a high-performance paper machine circulating oil, utilizing ashless additive technology. It is engineered to deliver excellent lubrication performance while safeguarding equipment components from rust and corrosion.",AL/CO-0024,aminoltm-paper-machine-oil-320,Not available,Not available,Not available,Not available,"DIN 51524-2 (HLP)
DIN 51517-3 (CLP)
Voith VN 108
SKF
Metso
Anderitz
Beloit",Not available,,,2025-05-24 08:25:00.106+00,,14,,"","Circulating oil systems for paper machines
Suction box pumps, vacuum and white water pumps, agitators, reduction gears, and gear head motors
Oil circulation systems for pulp grinders and pulp refiners
Gear drive units and pumps in industrial applications
Plain and antifriction bearings operating at elevated temperatures","Excellent oxidation resistance and thermal stability
High load-carrying capability
Outstanding demulsibility
Improved rust and corrosion protection
Exceptional filterability"
78,Aminol™ Gear Oil CLP 320,"Aminol™ Gear Oil CLP 320 is a premium quality industrial gear oil with outstanding extreme pressure characteristics, made of carefully selected base stocks and the latest sulfur phosphorus additives. Its special active substance combination offers excellent load carrying capacity and micro-pitting performance providing long component life even under shock loading conditions.",AL/GO-0006,aminoltm-gear-oil-clp-320,Not available,Not available,Not available,Not available,"AIST 224
David Brown S1.53.101(E)
AGMA 9005-E02
DIN51517-3 (CLP)",Not available,,,2025-05-24 08:25:00.152+00,,19,6,"","Aminol™ Gear Oil CLP 320 is recommended for industrial applications operating under heavy duty conditions such as heavy loading, slow speed, shock loads and in wide extremes of temperature. This includes, but is not limited to, enclosed industrial spur, bevel, herringbone, helical and epicyclic gears, chain drives, sprockets and most metal-on-metal systems requiring extreme-pressure lubricant.","Outstanding wear protection 
Exceptional sludge and deposit control
Low tendency to foam
Excellent anti-corrosion properties
High pressure-absorption capability
Extended equipment life
Better compatibility with seal materials"
83,Aminol™ GearSynth 220,"Aminol™ GearSynth 220 is a fully synthetic, premium-performance, extreme-pressure lubricant specifically designed for enclosed industrial gears and bearings that operate under severe load conditions and extreme temperatures. Formulated using synthetic PAO base oils and specially selected additive technologies, it provides excellent protection against corrosion, wear, micropitting, and offers an extended oil service life due to its exceptional thermal stability",AL/GO-0011,aminoltm-gearsynth-220,Not available,Not available,Not available,Not available,"AIST 224
AGMA 9005-F16-AS
DIN51517-3 (CLP)
ISO 12925-1 Type CKD
FAG
SKF",Not available,,,2025-05-24 08:25:00.184+00,,19,6,"","Aminol™ GearSynth 220 is suitable for application in industrial transmissions, where roller and plain bearings are subjected to high pressure and also for large-scale plants with pressure-feed lubrication systems.","Long drain intervals
Exceptional film strength and extreme pressure resistance
Robust protection against rust and corrosion
Extended equipment life
Effective water separation and demulsification characteristics
Low foaming tendency"
58,Aminol™ Circulating Oil 100 RM,"Aminol™ Circulating Oil 100 RM is a high-performance lubricant engineered to offer exceptional protection in demanding industrial bearing and circulating applications, notably in challenging environments like 'No-Twist' Rod Mill Systems. It's formulated with high-quality base stocks and specially chosen additives to provide outstanding antiwear and antioxidant properties",AL/CO-0010,aminoltm-circulating-oil-100-rm,Not available,Not available,Not available,Not available,"Danieli 0.000.001 Type 21
Morgan No-Twist Mill (Spec MMC40003)
DIN 51524 Part 1 & 2
ISO 11158 HL & HM
Schuler Pressen DT 55055 01.2013",Not available,,,2025-05-24 08:25:00.034+00,,14,,"","No Twist Rod Mills
General industrial bearing and circulating systems
Enclosed industrial gear systems","Excellent protection for lubricated components
Ensures a robust lubricating film
Maximizes efficiency of the water removal system
Minimizes the risk of unscheduled maintenance
Extends the life of the oil charge, prolonging re-lubrication intervals"
169,Aminol™ Classic CS8 SAE 70 CF-4/SG,"Aminol™ Classic CS8 SAE 70 CF-4/SG is a premium monograde mineral engine oil designed for robust performance in heavy-load diesel-powered engines, both those equipped with a turbocharger and those without, especially when operating under demanding and challenging conditions.",AL/EO-0079,aminoltm-classic-cs8-sae-70-cf-4sg,CF-4/SG,Not available,Not available,Not available,Not available,"MB-227.0, MIL L-2104 E",,,2025-05-24 08:25:00.955+00,,1,21,"",Aminol™ Classic CS8 SAE 70 CF-4/SG is suitable for use in naturally aspirated and supercharged diesel engines operating under mild duty service conditions.,"Provides excellent oxidation stability and effective deposit control, ensuring consistent engine cleanliness and reliability.
Engineered to minimize wear and extend maintenance intervals.
Formulated to reduce oil consumption, thus managing costs effectively.
Its superior detergency effectively manages piston ring deposits and controls sludge buildup."
246,Aminol™ Quenching Oil 32,"Aminol™ Quenching Oil 32 is a high-quality quenching fluid designed for the heat treatment of ferrous metals across various quenching processes. Crafted to facilitate deep and uniform hardening, it minimizes distortion and cracking, ensuring a smooth surface finish.",AL/QO-0001,aminoltm-quenching-oil-32,Not available,Not available,Not available,Not available,"ISO 6743-14 L-UHA
ISO 6743-14 L-UHB",Not available,,,2025-05-24 08:25:01.672+00,,17,,"","Aminol™ Quenching Oil 32 is recommended for the conventional and fast quenching of ferrous metals, such as carbon steel, gray iron, and alloy steel.","Controlled cooling rate to minimize cracking and distortion
Achieves a good surface finish
Demonstrates excellent oxidation resistance and thermal stability
Low volatility reduces oil loss through vaporization"
81,Aminol™ GearSynth 100,"Aminol™ GearSynth 100 is a fully synthetic, premium-performance, extreme-pressure lubricant specifically designed for enclosed industrial gears and bearings that operate under severe load conditions and extreme temperatures. Formulated using synthetic PAO base oils and selected additive technologies, it provides excellent protection against corrosion, wear, micropitting, and offers an extended oil service life due to its exceptional thermal stability",AL/GO-0009,aminoltm-gearsynth-100,Not available,Not available,Not available,Not available,"AIST 224
AGMA 9005-F16-AS
DIN51517-3 (CLP)
ISO 12925-1 Type CKD
FAG
SKF",Not available,,,2025-05-24 08:25:00.169+00,,19,22,"","Aminol™ GearSynth 100 is suitable for application in industrial transmissions, where roller and plain bearings are subjected to high pressure and also for large-scale plants with pressure-feed lubrication systems.","Long drain intervals
Exceptional film strength and extreme pressure resistance
Robust protection against rust and corrosion
Extended equipment life
Effective water separation and demulsification characteristics
Low foaming tendency"
84,Aminol™ GearSynth 320,"Aminol™ GearSynth 320 is a fully synthetic, premium-performance, extreme-pressure lubricant specifically designed for enclosed industrial gears and bearings that operate under severe load conditions and extreme temperatures. Formulated using synthetic PAO base oils and selected additive technologies, it provides excellent protection against corrosion, wear, micropitting, and offers an extended oil service life due to its exceptional thermal stability",AL/GO-0012,aminoltm-gearsynth-320,Not available,Not available,Not available,Not available,"AIST 224
AGMA 9005-F16-AS
DIN51517-3 (CLP)
ISO 12925-1 Type CKD
FAG
SKF",Not available,,,2025-05-24 08:25:00.193+00,,19,,"","Aminol™ GearSynth 320 is suitable for application in industrial transmissions, where roller and plain bearings are subjected to high pressure and also for large-scale plants with pressure-feed lubrication systems.","Long drain intervals
Exceptional film strength and extreme pressure resistance
Robust protection against rust and corrosion
Extended equipment life
Effective water separation and demulsification characteristics
Low foaming tendency"
90,Aminol™ Nauta C40,"Aminol™ Nauta C40 is a marine cylinder lubricant specifically engineered for slow-speed 2-stroke engines employing low-sulfur residual fuels. It boasts enhanced detergency, excellent dispersancy, and exceptional resistance to wear, oxidation, and deposits.",AL/MO-0002,aminoltm-nauta-c40,Not available,Not available,Not available,Not available,"MAN ES
WinGD
J-ENG",Not available,,,2025-05-24 08:25:00.255+00,,15,,"","Aminol™ Nauta C40 is recommended for the cylinder lubrication of the newest, high performance low-speed crosshead marine diesel engines operating on blended residual fuels and distillates containing sulfur below 0.5%. It is compatible with all fuels compliant with IMO 2020 and ECA regulations.","Reduces cylinder and piston wear, extending service intervals.
Prevents ring sticking and minimizes deposits in pistons, chambers, and exhaust areas.
Maintains stability in ambient temperatures and during prolonged storage."
91,Aminol™ Nauta C55,Aminol™ Nauta C55 is a high-quality cylinder lubricant tailored for low-speed marine diesel crosshead engines utilizing residual fuel. Its specialized design focuses on rapid and efficient acid neutralization while ensuring advanced engine cleanliness.,AL/MO-0003,aminoltm-nauta-c55,Not available,Not available,Not available,Not available,"MAN ES
WinGD
J-ENG",Not available,,,2025-05-24 08:25:00.263+00,,15,,"",Aminol™ Nauta C55 is recommended for lubricating 2-stroke engines operating on fuels with sulfur content ranging from 0.5% to 3.5%. It is compatible with all fuels compliant with IMO 2020 and ECA regulations.,"Remarkable thermal and oxidation stability
Effective control of deposits ensuring cleaner engine parts
Enables operation at ideal feed rates
Guards against scuffing
Minimizes wear on liners and rings
Extends the duration between overhauls"
93,Aminol™ Nauta C100,"Aminol™ Nauta C100 is a premium marine cylinder oil specifically tailored for contemporary low-speed 
2-stroke marine diesel engines reliant on high-sulfur heavy fuel oil (HFO). Formulated through a blend of highly refined base oils and precision-selected additives, it offers superior safeguarding against ring and liner wear while ensuring sustained piston cleanliness in slow-speed crosshead diesel engines",AL/MO-0005,aminoltm-nauta-c100,Not available,Not available,Not available,Not available,"MAN ES
WinGD
J-ENG",Not available,,,2025-05-24 08:25:00.279+00,,15,,"",Aminol™ Nauta C100 is recommended for all low-speed 2-stroke engines operating on residual fuels with sulfur content exceeding 1%. It is also well-suited for vessels equipped with exhaust gas post-treatment systems.,"Outstanding acid neutralization
Superior detergency capability
Enhanced anti-wear properties
Compatibility with all standard seal materials"
94,Aminol™ Nauta C140,"Aminol™ Nauta C140 is a premium marine cylinder oil specifically tailored for contemporary low-speed 
2-stroke marine diesel engines reliant on high-sulfur heavy fuel oil (HFO). Formulated through a blend of highly refined base oils and precision-selected additives, it offers superior safeguarding against ring and liner wear while ensuring sustained piston cleanliness in slow-speed crosshead diesel engines.",AL/MO-0006,aminoltm-nauta-c140,Not available,Not available,Not available,Not available,"MAN ES
WinGD
J-ENG",Not available,,,2025-05-24 08:25:00.286+00,,15,,"","Aminol™ Nauta C140 is recommended for all low-speed 2-stroke engines operating on residual fuels with sulfur content exceeding 1%. It is also ideal for engines with high corrosiveness, requiring elevated neutralization levels.","Outstanding acid neutralization
Superior detergency capability
Enhanced anti-wear properties
Compatibility with all standard seal materials"
98,Aminol™ Transmission TN3 80W-90 GL-5,"Aminol™ Transmission TN3 80W-90 GL-5 is a high-quality multi-grade gear oil  fortified with selected additive package to offer exceptional shifting performance, favorable low-temperature fluidity, and the ability to retain viscosity even at high temperatures. It has specially been designed for manual transmissions, dfifferentials and final drives where extreme pressures and shock loading are expected.",AL/TF-0017,aminoltm-transmission-tn3-80w-90-gl-5,GL-5,Not available,Not available,Not available,"MIL-L 2105 D 
MAN 342  M2
ZF TE-ML 05A/07A/12E/16B/16C/16D/17B/19B/21A",Not available,,,2025-05-24 08:25:00.318+00,,7,23,"","Aminol™ Transmission TN3 80W-90 GL-5 is suitable for automotive gearboxes, axles, differentials, transaxles and hypoid gear sets in motorcycles, passenger cars, commercial vehicles, off-road construction and agricultural equipment where GL-5 oil with a viscosity of SAE 80W-90 is recommended.","Superior thermal and oxidation stability 
Excellent rust and corrosion protection
Effective low temperature lubrication
Better compatibility with typical automotive seals and gaskets
Reduced wear and longer component life"
113,Aminol™ Transmission 85W-90 LS GL-5,"Aminol™ Transmission 85W-90 LS GL-5 is a high-quality hypoid gear oil engineered specifically for use in axle drives equipped with limited-slip differentials. Its unique friction properties aid in providing smooth, noise-free operation and extending the life of multiplate clutches within limited-slip differentials (LSDs).",AL/TF-0032,aminoltm-transmission-85w-90-ls-gl-5,GL-5,Not available,Not available,Not available,"MIL-L-2105 D
ZF TE-ML 05C
ZF TE-ML 12C
ZF TE-ML 16E
ZF TE-ML 21C",Not available,,,2025-05-24 08:25:00.459+00,,7,26,"","Aminol™ Transmission 85W-90 LS GL-5 is recommended for use in all types of synchronized manual transmissions (including heavy-duty), in differentials (including LS with excessive friction), steering equipment and other transmission parts where API GL-5 LS oil is required.","Extremely high load-carrying capacity
Excellent wear protection 
Outstanding limited slip features
Exceptional resistance to aging
High oxidation resistance, even under elevated thermal stress
Effective foam/air separation and stability at high speeds
Compatibility with non-ferrous metals and seals
Remarkablet viscosity-temperature behavior"
117,Aminol™ Special Generation SLD1 5W-30 CK-4,"Aminol™ Special Generation SLD1 5W-30 CK-4 is a versatile all-season heavy-duty diesel engine oil that combines advanced engine protection for low-emission vehicles with potential fuel efficiency gains. It's suitable for a wide range of diesel-powered commercial vehicles in on- and off-highway applications, including transportation, mining, construction, and agriculture.",AL/EO-0049,aminoltm-special-generation-sld1-5w-30-ck-4,CK-4/SN,Not available,E6/E7/E9,Not available,"Deutz DQC IV-18 LA
MB 228.31/228.51
Volvo VDS - 4.5
Mack EOS - 4.5
Renault Trucks RLD-3
MAN M 3677/3691/3775","Caterpillar ECF-3, Cummins CES 20086, 
Detroit Diesel DFS 93K222, JASO DH-2, 
Mack EO-O Premium Plus, MTU Typ 3.1, 
Renault Trucks RGD, Scania Low Ash, 
Volvo CNG, Volvo VDS-4",,,2025-05-24 08:25:00.506+00,,1,14,"","Aminol™ Special Generation SLD1 5W-30 CK-4 can be used in naturally aspirated and turbocharged heavy duty diesel engines, both in mobile and stationary equipment, where the API CK-4 service category and SAE 5W-30 viscosity grade are specified.","Extended oil drain intervals for modern heavy-duty engines
Enhanced wear protection compared to previous-generation oils
Prolonged life of exhaust aftertreatment systems
Maximum thermal stability and oxidation resistance
Engine safeguarding against sludge and detrimental deposits
Smooth cold starts in low-temperature conditions
Reduced oil consumption via combustion"
120,Aminol™ Special Generation SLD4 5W-40 CK-4,"Aminol™ Special Generation SLD4 5W-40 CK-4 is a top-notch diesel engine oil made with high-quality base stocks and a carefully balanced additive package. It's designed to work seamlessly with exhaust aftertreatment systems, such as diesel particulate filters (DPFs), diesel oxidation catalysts (DOCs), and selective catalytic reduction (SCR).",AL/EO-0052,aminoltm-special-generation-sld4-5w-40-ck-4,CK-4/SN,Not available,E9,Not available,"MB-228.31
MAN M3775
Volvo VDS-4.5
Mack EOS-4.5 
Renault Trucks RLD-4
Cummins CES 20086
Caterpillar ECF-3
Detroit Diesel DDC 93K222
Deutz DQC III-18LA","MB 228.3
Ford WSS-M2C171-E  
Ford WSS-M2C171-F1
MTU Type 2/2.1
MAN M3677/M3777",,,2025-05-24 08:25:00.536+00,,1,15,"","Aminol™ Special Generation SLD4 5W-40 CK-4 can be used in naturally aspirated and turbocharged heavy duty diesel engines, both in mobile and stationary equipment, where the API CK-4 service category and SAE 5W-40 viscosity grade are specified.","Excellent wear resistance
Outstanding high and low-temperature behavior
High engine cleanliness
Reliable lubrication
Extended engine service life
Optimal stability to aging"
123,Aminol™ Super SPD2 15W-40 CJ-4/SN,"Aminol™ Super SPD2 15W-40 CJ-4/SN is a low-SAPS, high-performance heavy-duty diesel engine oil deveoped for on-road and off-road applications. Its formulation has been precisely crafted, employing a judicious selection of components to ensure optimal wear control, efficient soot management, and dependable oil stability, especially in engines operating under rigorous conditions.",AL/EO-0055,aminoltm-super-spd2-15w-40-cj-4sn,CJ-4/SN,Not available,E-9,Not available,"MB-228.31
Cummins CES 20081
CAT ECF-3
Volvo VDS-4
Mack EO-O PP
Renault RLD-3
DDC 93K218
MAN 3575 
MTU Type-2.1
Deutz DQC III-18 LA",Not available,,,2025-05-24 08:25:00.57+00,,1,15,"","Aminol™ Super SPD2 15W-40 CJ-4/SN is recommended for use in the latest turbocharged or supercharged high-performance diesel engines operating under severe conditions. Well-suited for extended drain intervals, it proves ideal for both on-road and off-road applications.","Ensures superior performance and extends engine life.
Reduces emissions and extends the lifespan of emissions control systems
Provides exceptional wear protection
Effectively manages soot produced during combustion
Ensures reliable oil stability, even under severe operating conditions
Optimizes lubrication properties
Enables extended drain intervals"
142,Aminol™ EcoSynergy 10W-40 E4/E7,"Aminol™ EcoSynergy 10W-40 E4/E7 is a high-performance lubricant designed for diesel engines in light and heavy commercial vehicles, whether with or without turbochargers. Meeting Euro-II, Euro-III, Euro-IV, and Euro V emissions standards, it seamlessly works with engines using EGR and/or SCR exhaust after-treatment systems but isn't recommended for those equipped with a Diesel Particle Filter (DPF).",AL/EO-0074,aminoltm-ecosynergy-10w-40-e4e7,Not available,Not available,E4/E7,Not available,MB 228.5; MAN M3277/3377; Volvo VDS-3; Renault Trucks RLD-2; Mack EO-N; Deutz DQC IV-18,Not available,,,2025-05-24 08:25:00.71+00,,1,8,"","Modern heavy-duty engines equipped with EGR and SCR NOx reduction systems (not suitable for Diesel Particulate Filters)
Conventional high performance naturally aspirated or turbocharged commercial vehicles 
On-Highway Short-Haul and Long-Haul Trucks and Buses
Off-Highway Mining, Construction and Agricultural Equipment","Effective deposit prevention
Improved low-temperature pumpability
Strong dispersion properties
Superior wear and corrosion protection
Stable viscosity index
Extended oil change intervals
Reduced fuel consumption"
126,Aminol™ Super CNG 15W-40,"Aminol™ Super CNG 15W-40 is a high-performance heavy-duty engine oil developed specifically for spark-ignited CNG and LNG fueled truck and bus engines. Formulated with carefully selected additives, it provides superior detergency, dispersancy, oxidation and nitration resistance, along with protection against engine wear and corrosion.",AL/EO-0058,aminoltm-super-cng-15w-40,CF,Not available,Not available,Not available,"Cummins CES 20074
Detroit Diesel DDC 93K216",Not available,,,2025-05-24 08:25:00.6+00,,1,15,"","Aminol™ Super CNG 15W-40 is recommended for use in engines of trucks and buses running on CNG (Compressed Natural Gas) and LNG (Liquefied Natural Gas). It is also compatible with Exhaust Gas Recirculation (EGR) Systems, Three Way Catalysts, and other emissions reduction  technologies.","High thermal and oxidation stability
Extended drain interval capability
Advanced wear protection
Effective detergency/dispersancy
Optimized ash level
Easy engine start at low temperatures
Reduced oil consumption due to low volatility
Good engine cleanliness"
127,Aminol™ Premium PMD1 15W-40 CI-4/SL,"Aminol™ Premium PMD1 15W-40 CI-4/SL is an extra high-performance heavy-duty diesel engine oil designed to provide long engine life and extended drain capability for today’s diesel engines operating in severe applications. Its advanced chemistry delivers outstanding performance in both modern, demanding low-emission diesel engines and older diesel engines operating on low or high sulfur fuel.",AL/EO-0059,aminoltm-premium-pmd1-15w-40-ci-4sl,CI-4/SL,Not available,E7,DH-1,"JASO DH-1; Global DHD-1; MB 228.3; MTU Type 2; Volvo VDS 3; Mack EO-N; Renault RLD-2; Cummins CES 20078; DDC 93K215; Deutz DQC III-18; MAN 3275-1, CAT ECF 1a",Not available,,,2025-05-24 08:25:00.606+00,,1,15,"","Aminol™ Premium PMD1 15W-40 CI-4/SL is recommended for use in modern four-stroke diesel engines of heavy duties under severe conditions, including vehicles equipped with EGR and SCR NOx reduction systems (not suitable for Diesel Particulate Filters). It fulfills the requirements of the EU Euro I/II/III/IV/V emission standards.","Extended service intervals and long-drain oil refreshment periods
High thermal and oxidation stability
Low volatility, excellent wear and bore polish control
Easy cold start-up 
Advanced detergent/dispersant properties
Outstanding engine cleanliness"
129,Aminol™ Premium PMD3 5W-40 CI-4/SL,"Aminol™ Premium PMD3 5W-40 CI-4/SL is an extra high-performance heavy-duty diesel engine oil designed to provide long engine life and extended drain capability for today’s diesel engines operating in severe applications. Its advanced chemistry delivers outstanding performance in both modern, demanding low-emission diesel engines and older diesel engines operating on low or high sulfur fuel.",AL/EO-0061,aminoltm-premium-pmd3-5w-40-ci-4sl,CI-4/SL,Not available,E7,DH-1,"Global DHD-1; MB 228.3; MTU Type2; Volvo VDS 3; Mack EO-N; Renault RLD-2; Cummins CES 20078; DDC 93K215; Deutz DQC III-10; MAN 3275-1, CAT ECF 1a",Not available,,,2025-05-24 08:25:00.622+00,,1,15,"","Aminol™ Premium PMD3 5W-40 CI-4/SL is recommended for use in modern four-stroke diesel engines of heavy duties under severe conditions, including vehicles equipped with EGR and SCR NOx reduction systems (not suitable for Diesel Particulate Filters). It fulfills the requirements of the EU Euro I/II/III/IV/V emission standards.","Extended service intervals and long-drain oil refreshment periods
High thermal and oxidation stability
Low volatility, excellent wear and bore polish control
Easy cold start-up 
Advanced detergent/dispersant properties
Outstanding engine cleanliness"
131,Aminol™ Premium PMD5 20W-50 CI-4/SL,"Aminol™ Premium PMD5 20W-50 CI-4/SL is an extra high-performance heavy-duty diesel engine oil designed to provide long engine life and extended drain capability for today’s diesel engines operating in severe applications. Its advanced chemistry delivers outstanding performance in both modern, demanding low-emission diesel engines and older diesel engines operating on low or high sulfur fuel.",AL/EO-0063,aminoltm-premium-pmd5-20w-50-ci-4sl,CI-4/SL,Not available,E7,DH-1,"Global DHD-1; MB 228.3; MTU Type 2; Volvo VDS 3; Mack EO-N; Renault RLD-2; DDC 93K215; Cummins CES 20077/20078, Deutz DQC III-18; MAN 3275-1, CAT ECF 1a",Not available,,,2025-05-24 08:25:00.639+00,,1,12,"","Aminol™ Premium PMD5 20W-50 CI-4/SL is recommended for use in modern four-stroke diesel engines of heavy duties under severe conditions, including vehicles equipped with EGR and SCR NOx reduction systems (not suitable for Diesel Particulate Filters). It fulfills the requirements of the EU Euro I/II/III/IV/V emission standards.","Extended service intervals and long-drain oil refreshment periods
High thermal and oxidation stability
Low volatility, excellent wear and bore polish control
Easy cold start-up 
Advanced detergent/dispersant properties
Outstanding engine cleanliness"
132,Aminol™ Avantgarde AD1 20W-50 CH-4/SJ,"Aminol™ Avantgarde AD1 20W-50 CH-4/SJ is a high performance solution designed to provide superior performance, particularly for diesel engines used in demanding on- and off-highway heavy duty applications. Formulated using the latest synthetic technology, it excels in several critical aspects of engine care.",AL/EO-0064,aminoltm-avantgarde-ad1-20w-50-ch-4sj,CH-4/SJ,Not available,E7,Not available,"MB 228.3 
MAN M 3275-1
CES 20076
Deutz DQC II-18",Not available,,,2025-05-24 08:25:00.644+00,,1,12,"","Aminol Aminol™ Avantgarde AD1 20W-50 CH-4/SJ is recommended for all types of diesel and gasoline engines where the manufacturer specifies the API CH-4/SJ service category. It is also suitable for on-road and off-road applications, including equipment that are exposed to extreme low temperature.","Superior soot viscosity control
High resistance to corrosive and abrasive wear
Outstanding thermal and oxidative stability
Excellent low-temperature pumpability
Improved corrosion protection with extended drain intervals
Shear stability to maintain grade consistency"
134,Aminol™ Avantgarde AD3 10W-40 CH-4/SJ,"Aminol™ Avantgarde AD3 10W-40 CH-4/SJ is a high performance solution designed to provide superior performance, particularly for diesel engines used in demanding on- and off-highway heavy duty applications. Formulated using the latest synthetic technology, it excels in several critical aspects of engine care.",AL/EO-0066,aminoltm-avantgarde-ad3-10w-40-ch-4sj,CH-4/SJ,Not available,E7,Not available,"MB 228.3 
MTU Type 2 
MAN M 3275-1
CES 20076
Deutz DQC II-18",Not available,,,2025-05-24 08:25:00.653+00,,1,8,"","Aminol Aminol™ Avantgarde AD3 10W-40 CH-4/SJ is recommended for all types of diesel and gasoline engines where the manufacturer specifies the API CH-4/SJ service category. It is also suitable for on-road and off-road applications, including equipment that are exposed to extreme low temperature.","Superior soot viscosity control
High resistance to corrosive and abrasive wear
Outstanding thermal and oxidative stability
Excellent low-temperature pumpability
Improved corrosion protection with extended drain intervals
Shear stability to maintain grade consistency"
139,Aminol™ EcoSpectra UHPD 10W-30 LA,"Aminol™ EcoSpectra UHPD 10W-30 LA is a high-performance engine oil based on synthetic technology to be used in diesel engines in light- and heavy commercial vehicles with or without turbocharger and has been designed to meet Euro-IV and Euro-V emission requirements. Formulated with  selected base oils and a complex additive system, it ensures excellent flow and lubrication characteristics.",AL/EO-0071,aminoltm-ecospectra-uhpd-10w-30-la,CI-4,Not available,E6/E7/E9/E11,DH-2,"MB 228.51, MAN M3477/M3271-1, Volvo VDS-3, Renault trucks RLD 2/RXD/RGD, MTU Type 3.1, Mack EO-N, Deutz DQC IV 18 LA/DQC TTCD, Cummins CES 20076/20077, Caterpillar ECF 1a",Not available,,,2025-05-24 08:25:00.686+00,,1,7,"","Modern heavy-duty engines fitted with Exhaust Gas Recirculation (EGR) and Selective Catalytic Reduction (SCR) systems, Diesel Particulate Filters (DPF)
On-highway heavy-duty trucks and buses 
Off-highway mining, construction and agricultural equipment","Exceptional thermal and oxidation stability
Outstanding detergent and dispersant properties
Fuel-efficient operation
Superb cold start performance
Excellent viscosity-temperature behavior
Compatible with sealants
High-level wear protection"
140,Aminol™ EcoSpectra UHPD 10W-40 LA,"Aminol™ EcoSpectra UHPD 10W-40 LA is a high-performance engine oil based on synthetic technology to be used in diesel engines in light- and heavy commercial vehicles with or without turbocharger and has been designed to meet Euro-IV and Euro-V emission requirements. Formulated with  selected base oils and a complex additive system, it ensures excellent flow and lubrication characteristics.",AL/EO-0072,aminoltm-ecospectra-uhpd-10w-40-la,CI-4,Not available,E6/E7/E8/E9/E11,DH-2,"MB 228.51, MAN M3477/M3271-1, Volvo VDS-3, Renault trucks RLD 2/RXD/RGD, MTU Type 3.1, Mack EO-N, Deutz DQC IV 18 LA/DQC TTCD, DAF extended drain , Cummins CES 20076/20077, Caterpillar ECF 1a",Not available,,,2025-05-24 08:25:00.697+00,,1,8,"","Modern heavy-duty engines fitted with Exhaust Gas Recirculation (EGR) and Selective Catalytic Reduction (SCR) systems, Diesel Particulate Filters (DPF)
On-highway heavy-duty trucks and buses 
Off-highway mining, construction and agricultural equipment","Exceptional thermal and oxidation stability
Outstanding detergent and dispersant properties
Fuel-efficient operation
Superb cold start performance
Excellent viscosity-temperature behavior
Compatible with sealants
High-level wear protection"
141,Aminol™ EcoSynergy 5W-30 E4/E7,"Aminol™ EcoSynergy 5W-30 E4/E7 is a high-performance lubricant designed for diesel engines in light and heavy commercial vehicles, whether with or without turbochargers. Meeting Euro-II, Euro-III, Euro-IV, and Euro V emissions standards, it seamlessly works with engines using EGR and/or SCR exhaust after-treatment systems but isn't recommended for those equipped with a Diesel Particle Filter (DPF).",AL/EO-0073,aminoltm-ecosynergy-5w-30-e4e7,Not available,Not available,E4/E7,Not available,MB 228.5; MAN M3277/3377; Volvo VDS-3; Renault Trucks RLD-2; Mack EO-N; Deutz DQC IV-18,Not available,,,2025-05-24 08:25:00.705+00,,1,14,"","Modern heavy-duty engines equipped with EGR and SCR NOx reduction systems (not suitable for Diesel Particulate Filters)
Conventional high performance naturally aspirated or turbocharged commercial vehicles 
On-Highway Short-Haul and Long-Haul Trucks and Buses
Off-Highway Mining, Construction and Agricultural Equipment","Effective deposit prevention
Improved low-temperature pumpability
Strong dispersion properties
Superior wear and corrosion protection
Stable viscosity index
Extended oil change intervals
Reduced fuel consumption"
144,Aminol™ TO-4 SAE 30,Aminol™ TO-4 SAE 30 is a top-tier hydraulic and transmission fluid designed with advanced technology to provide superior performance and enhanced durability for modern hydraulic systems and transmissions fitted to heavy-duty off-highway equipment. Its formulation has been crafted to meet or surpass the demanding Caterpillar TO-4 specification.,AL/TF-0002,aminoltm-to-4-sae-30,"CF, MT-1",Not available,Not available,Not available,"CAT TO-4
Allison C4
ZF TE-ML-03C/07F
Komatsu KES 07.868.1
Komatsu Dresser
Dana Powershift",Not available,,,2025-05-24 08:25:00.731+00,,5,17,"","Heavy duty transmissions, gear boxes, final drives, and hydraulic systems used in off-highway applications
Off-highway industries including: mining, construction, quarrying, and agriculture
Manual, powershift and automatic transmissions where a CAT TO-4 or Allison C-4 fluid is required","Well-balanced static and dynamic friction coefficients
Exceptional foam control and protection
Superior thermal and oxidation stability
Optimized retention of clutch-friction and control over slippage
Outstanding stability for hydraulic oil and protection against high-pressure pump wear
Remarkable performance in low-temperature fluid flow"
146,Aminol™ TO-4 SAE 60,Aminol™ TO-4 SAE 60 is a top-tier hydraulic and transmission fluid designed with advanced technology to provide superior performance and enhanced durability for modern hydraulic systems and transmissions fitted to heavy-duty off-highway equipment. Its formulation has been crafted to meet or surpass the demanding Caterpillar TO-4 specification.,AL/TF-0004,aminoltm-to-4-sae-60,"CF, MT-1",Not available,Not available,Not available,"CAT TO-4
Allison C4
ZF TE-ML-03C
Komatsu KES 07.868.1
Komatsu Dresser
Dana Powershift",Not available,,,2025-05-24 08:25:00.748+00,,5,20,"","Heavy duty transmissions, gear boxes, final drives, and hydraulic systems used in off-highway applications
Off-highway industries including: mining, construction, quarrying, and agriculture
Manual, powershift and automatic transmissions where a CAT TO-4 or Allison C-4 fluid is required","Well-balanced static and dynamic friction coefficients
Exceptional foam control and protection
Superior thermal and oxidation stability
Optimized retention of clutch-friction and control over slippage
Outstanding stability for hydraulic oil and protection against high-pressure pump wear
Remarkable performance in low-temperature fluid flow"
162,Aminol™ Heat Transfer Oil 32,"Aminol™ Heat Transfer Oil 32 is a top-quality heat transfer fluid designed for closed indirect heating systems. Crafted from highly refined base stocks, it offers exceptional oxidation stability and remarkable resistance against thermal cracking.",AL/HO-0001,aminoltm-heat-transfer-oil-32,Not available,Not available,Not available,Not available,"DIN 51522
ISO 6743-12 Family Q
ISO L-QB/QC",Not available,,,2025-05-24 08:25:00.893+00,,8,,"","Aminol™ Heat Transfer Oil 32 is recommended for thermo-oil boilers, air heaters, thermostats, steam generators, waste heat exchangers, and other industrial or household heat-transfer units. The maximum temperature under forced circulation is 330 °C.","Ensures reliable operation at high temperatures with exceptional thermal stability.
Prolongs service life through robust oxidation resistance.
Sustains heat transfer conductivity, optimizing system efficiency.
Exhibits remarkable endurance at elevated temperatures, leaving no residue.
Facilitates smooth operation at low temperatures.
Delivers outstanding corrosion protection for systems."
163,Aminol™ Heat Transfer Oil 46,"Aminol™ Heat Transfer Oil 46 is a top-quality heat transfer fluid designed for closed indirect heating systems. Crafted from highly refined base stocks, it offers exceptional oxidation stability and remarkable resistance against thermal cracking.",AL/HO-0002,aminoltm-heat-transfer-oil-46,Not available,Not available,Not available,Not available,"DIN 51522
ISO 6743-12 Family Q
ISO L-QB/QC",Not available,,,2025-05-24 08:25:00.905+00,,8,,"","Aminol™ Heat Transfer Oil 46 is recommended for thermo-oil boilers, air heaters, thermostats, steam generators, waste heat exchangers, and other industrial or household heat-transfer units. The maximum temperature under forced circulation is 330 °C.","Ensures reliable operation at high temperatures with exceptional thermal stability.
Prolongs service life through robust oxidation resistance.
Sustains heat transfer conductivity, optimizing system efficiency.
Exhibits remarkable endurance at elevated temperatures, leaving no residue.
Facilitates smooth operation at low temperatures.
Delivers outstanding corrosion protection for systems."
165,Aminol™ Classic CS1 SAE 30 CF-4/SG,"Aminol™ Classic CS1 SAE 30 CF-4/SG is a premium monograde mineral engine oil designed for robust performance in heavy-load diesel-powered engines, both those equipped with a turbocharger and those without, especially when operating under demanding and challenging conditions.",AL/EO-0075,aminoltm-classic-cs1-sae-30-cf-4sg,CF-4/SG,Not available,Not available,Not available,Not available,"ACEA E2, Allison C4, Caterpillar TO-2, MAN 270, MB-227.0/228.0, MTU Type 1,
MIL L-2104 E, MIL L-46152 E, 
ZF - TE-ML 03A, ZF - TE-ML 04A, 
ZF - TE-ML 04B, ZF - TE-ML 07D",,,2025-05-24 08:25:00.917+00,,1,17,"",Aminol™ Classic CS1 SAE 30 CF-4/SG is suitable for use in naturally aspirated and supercharged diesel engines operating under mild duty service conditions.,"Provides excellent oxidation stability and effective deposit control, ensuring consistent engine cleanliness and reliability.
Engineered to minimize wear and extend maintenance intervals.
Formulated to reduce oil consumption, thus managing costs effectively.
Its superior detergency effectively manages piston ring deposits and controls sludge buildup."
172,Aminol™ AgriMaster STOU 10W-40,"Aminol™ AgriMaster STOU 10W-40, designed for agricultural machinery, is a multifunctional lubricating oil formulated with top-grade solvent-refined base oils and a unique additive system. Ensuring long-term reliability and an extended operational life, it has universal application in engines, transmissions, hydraulic systems, fluid flywheels, and wet brakes.",AL/TO-0002,aminoltm-agrimaster-stou-10w-40,CF-4/CG-4/SF/GL-4,Not available,E3,Not available,"ZF TE-ML 06B/6C/6R/07B, MF M1135/M1139/1143/M1144/M1145, Allison C4, Caterpillar TO-2, JD J20C/J20D/J27, NH 030C/024C/410B/420A, NH 82009201/2/3, CNH MAT 3525/3526, Case MS 1204/6/7/9, Ford M2C159B/C, Ford M2C86B/C, Ford M2C134D, MB 227.1, Danfoss, Eaton M2950S/1-286-S",Not available,,,2025-05-24 08:25:00.991+00,,4,8,"","Aminol™ AgriMaster STOU 10W-40 is recommended for use in modern tractors and agricultural machinery equipped with or without turbocharged diesel engines. It is also universally applicable for the transmission, power take-off, final drive, hydraulic system, and oil-immersed wet brakes.","Excellent thermal- and oxidation stability
Superior dispersancy and detergency
Exceptional cold start properties
Improved protection against wear, corrosion and foam
Outstanding oil film strength
High pressure-absorption capability"
173,Aminol™ AgriMaster STOU 15W-30,"Aminol™ AgriMaster STOU 15W-30, designed for agricultural machinery, is a multifunctional lubricating oil formulated with top-grade solvent-refined base oils and a unique additive system. Ensuring long-term reliability and an extended operational life, it has universal application in engines, transmissions, hydraulic systems, fluid flywheels, and wet brakes.",AL/TO-0003,aminoltm-agrimaster-stou-15w-30,CF-4/CG-4/SF/GL-4,Not available,E3,Not available,"ZF TE-ML 06B/6C/6R/07B, MF M1135/M1139/1143/M1144/M1145, Allison C4, Caterpillar TO-2, JD J20C/J20D/J27, NH 030C/024C/410B/420A, NH 82009201/2/3, CNH MAT 3525/3526, Case MS 1204/6/7/9, Ford M2C159B/C, Ford M2C86B/C, Ford M2C134D, MB 227.1, Danfoss, Eaton M2950S/1-286-S",Not available,,,2025-05-24 08:25:01.001+00,,4,14,"","Aminol™ AgriMaster STOU 15W-30 is recommended for use in modern tractors and agricultural machinery equipped with or without turbocharged diesel engines. It is also universally applicable for the transmission, power take-off, final drive, hydraulic system, and oil-immersed wet brakes.","Excellent thermal- and oxidation stability
Superior dispersancy and detergency
Exceptional cold start properties
Improved protection against wear, corrosion and foam
Outstanding oil film strength
High pressure-absorption capability"
176,Aminol™ Mould Oil 10,"Aminol™ Mould Oil 10 is a release agent containing specialized mineral oil raffinates with rust inhibiting and separating properties. It forms a chemical-physical separating film that prevents adhesion between setting material and the mould, making it suitable for the production of concrete slabs and pre-stressed concrete.",AL/MR-0001,aminoltm-mould-oil-10,Not available,Not available,Not available,Not available,ISO 3448 VG 10,Not available,,,2025-05-24 08:25:01.029+00,,18,,"","Aminol™ Mould Oil 10 is suitable for steel and coated wooden shuttering used in concrete construction and the concrete industry, particularly with heated molds.","Ensures smooth concrete surface quality
Avoids surface impairment from adhesive or coating adhesion
Prevents staining, discoloration, and dust formation
Leaves no residue on the mould, allowing easy cleaning
Offers mold protection for extended use
Provides corrosion protection for the mould"
178,Aminol™ Mould Oil 32,"Aminol™ Mould Oil 32 is a release agent containing specialized mineral oil raffinates with rust inhibiting and separating properties. It forms a chemical-physical separating film that prevents adhesion between setting material and the mould, making it suitable for the production of concrete slabs and pre-stressed concrete.",AL/MR-0003,aminoltm-mould-oil-32,Not available,Not available,Not available,Not available,ISO 3448 VG 32,Not available,,,2025-05-24 08:25:01.048+00,,18,,"","Aminol™ Mould Oil 32 is suitable for steel and coated wooden shuttering used in concrete construction and the concrete industry, particularly with heated molds.","Ensures smooth concrete surface quality
Avoids surface impairment from adhesive or coating adhesion
Prevents staining, discoloration, and dust formation
Leaves no residue on the mould, allowing easy cleaning
Offers mold protection for extended use
Provides corrosion protection for the mould"
179,Aminol™ Mould Oil 100,"Aminol™ Mould Oil 100 is a release agent containing specialized mineral oil raffinates with rust inhibiting and separating properties. It forms a chemical-physical separating film that prevents adhesion between setting material and the mould, making it suitable for the production of concrete slabs and pre-stressed concrete.",AL/MR-0004,aminoltm-mould-oil-100,Not available,Not available,Not available,Not available,ISO 3448 VG 100,Not available,,,2025-05-24 08:25:01.056+00,,18,,"","Aminol™ Mould Oil 100 is suitable for steel and coated wooden shuttering used in concrete construction and the concrete industry, particularly with heated molds.","Ensures smooth concrete surface quality
Avoids surface impairment from adhesive or coating adhesion
Prevents staining, discoloration, and dust formation
Leaves no residue on the mould, allowing easy cleaning
Offers mold protection for extended use
Provides corrosion protection for the mould"
180,Aminol™ Mould Oil 150,"Aminol™ Mould Oil 150 is a release agent containing specialized mineral oil raffinates with rust inhibiting and separating properties. It forms a chemical-physical separating film that prevents adhesion between setting material and the mould, making it suitable for the production of concrete slabs and pre-stressed concrete.",AL/MR-0005,aminoltm-mould-oil-150,Not available,Not available,Not available,Not available,ISO 3448 VG 150,Not available,,,2025-05-24 08:25:01.068+00,,18,,"","Aminol™ Mould Oil 150 is suitable for steel and coated wooden shuttering used in concrete construction and the concrete industry, particularly with heated molds.","Ensures smooth concrete surface quality
Avoids surface impairment from adhesive or coating adhesion
Prevents staining, discoloration, and dust formation
Leaves no residue on the mould, allowing easy cleaning
Offers mold protection for extended use
Provides corrosion protection for the mould"
183,Aminol™ Antifreeze G11 Concentrate,"Aminol™ Antifreeze G11 Concentrate is an engine coolant concentrate (antifreeze) based on monoethylene glycol, containing no nitrites, amines, or phosphates (NAP-free). It effectively protects the cooling system, preventing overheating, freezing, corrosion, and deposit formation, while remaining safe for rubber and seals.",AL/AF-0003,aminoltm-antifreeze-g11-concentrate,Not available,Not available,Not available,Not available,"AFNOR NF R15-601 (France), AS 2108 (Australia), ASTM D3306 (USA), BS 6580 (UK), CUNA NC 956-16 (Italy), ONORM V 5123 (Austria), FVV, Heft R443 (Germany), SAE J 1034, UNE 26-361 (Spain), MAN - 324 NF, MB 325.0, MTU - MTL 5048, VW - TL 774-C, ASTM D4985 (USA), POLISH STANDARD  PN-C-40007, BMW 83 19 2 211 195, JIS K 2234",Not available,,,2025-05-24 08:25:01.1+00,,22,,"","Outstanding corrosion protection
Excellentheat conductivity properties
Exceptional protection against overheating
Prevention of freezing in the cooling system
Mitigation of operational malfunctions
Remarkable antifoaming characteristics
Compatibility with rubber and plastics","Aminol™ Antifreeze G11 Concentrate is recommended for use both in passenger cars and commercial vehicles. It is compatible with all cooling system components, including aluminum radiators."
184,Aminol™ Antifreeze G12+ Concentarte,"Aminol™ Antifreeze G12+ Concentarte is a high-quality concentrate coolant (antifreeze) based on monoethylene glycol and organic additive technology. It contains no nitrites, amines, phosphates, borates, silicates and  2-ethylhexanoic acid, providing reliable protection for engine metal parts made of cast iron, aluminum, copper, and steel.",AL/AF-0004,aminoltm-antifreeze-g12-concentarte,Not available,Not available,Not available,Not available,"AFNOR NF R15-601 (France), AS 2108 (Australia), ASTM D3306 (USA), ASTM D4656 (USA), ASTM D4985 (USA), BS 6580: 2010 (UK), CUNA NC 956-16, FVV Heft R443, SAE J 1034, NATO S-759, UNE 26361-88, Cummins CES 14603, DAF 74002, Ford WSS-M97B44-D, General Motors GM 6277M, MAN 324 SNF, MB 325.3, Renault 41-01-001, SEAT TL 774 D & F, Skoda TL 774 D & F, Volkswagen VAG TL 774 D & F, Volvo VCS",Not available,,,2025-05-24 08:25:01.109+00,,22,,"","Prevents deposits reliably
Provides reliable protection for metals and alloys (brass, copper, alloy-treated steel, cast iron, aluminum) from all forms of corrosion
Offers unsurpassed protection against cavitation
Minimizes foam formation
Enhances heat transfer
Extends service life in cooling systems","Aminol™ Antifreeze G12+ Concentarte is suitable for all types of radiators made of cast iron, aluminum, copper alloys, or their combinations. It is especially recommended for modern engines, where high-temperature protection of aluminum is particularly important."
189,Aminol™ Special Generation SLG5 0W-8 GLV-1,"Aminol™ Special Generation SLG5 0W-8 GLV-1 is a premium-class, low-friction motor oil specially developed for Hybrid Electric Vehicles (HEV) and Plug-in Hybrid Electric Vehicles (PHEV) equipped with newer gasoline engines, whether turbocharged or naturally aspirated, and employing direct or indirect injection. It offers  exceptional wear protection, reduces oil and fuel consumption, sustains engine cleanliness, and ensures rapid oil dispersion throughout the system.",AL/EO-0005,aminoltm-special-generation-slg5-0w-8-glv-1,Not available,Not available,Not available,GLV-1,"Mazda, Toyota",Not available,,,2025-05-24 08:25:01.16+00,,1,5,"","Aminol™ Special Generation SLG5 0W-8 GLV-1 is suitable for hybrid engine technologies, including Hybrid Electric Vehicles (H.E.V.), Plug-in Hybrid Electric Vehicles (P.H.E.V.), and Battery Electric Vehicles (B.E.V.) equipped with thermal gasoline engines used as a Range Extender, where 0W-8 viscosity is recommended.","Exceptional engine cleanliness
Excellent wear resistance
High shear stability
Reliable lubrication
Smooth engine operation
Optimal stability over time
Instant lubrication after a cold start"
191,Aminol™ Special Generation SLG7 10W-30 SP/GF-6A,"Aminol™ Special Generation SLG7 10W-30 SP/GF-6A is a premium quality multi-grade engine oil engineered for exceptional engine protection and outstanding fuel economy, even during extreme driving conditions. It surpasses conventional engine oils by reducing friction and wear during start-up, while also safeguarding the engine against performance-hindering sludge and varnish deposits",AL/EO-0007,aminoltm-special-generation-slg7-10w-30-spgf-6a,SP,GF-6A,Not available,Not available,"GM 6094M
Chrysler MS-6395
Ford WSS-M2C205-A",Not available,,,2025-05-24 08:25:01.174+00,,1,7,"","Aminol™ Special Generation SLG7 10W-30 SP/GF-6A is suitable for all types of modern gasoline-powered vehicles, including high-performance turbocharged, supercharged, multi-valve fuel-injected engines found in passenger cars, SUVs, light vans, and light trucks where the manufacturer recommends an API SP, ILSAC GF-6, or earlier specification 10W-30 lubricant.","Outstanding thermal and oxidation stability
Exceptional low temperature capabilities
Quick cold weather starting
Exceptional wear protection
Remarkable resistance to oxidation and foaming
Excellent dispersive and detergent properties
Superior fuel economy and CO2 reduction"
195,Aminol™ MaxPro 5W-40 SP,"Aminol™ MaxPro 5W-40 SP is a universal, high-performance fuel-saving engine oil engineered for the latest gasoline and diesel engine technologies, providing excellent all-round performance. Formulated with carefully selected base stocks and unique additive technology, it delivers exceptional wear protection and engine cleanliness",AL/EO-0011,aminoltm-maxpro-5w-40-sp,SP,Not available,A3/B4,Not available,Not available,"MB 229.3/229.5
VW 502.00/505.00
Renault RN 0700/0710
PSA B71 2296",,,2025-05-24 08:25:01.202+00,,1,15,"","Aminol™ MaxPro 5W-40 SP is suitable for use in automotive petrol and diesel vehicles where the manufacturer recommends an ACEA A3/B4, API SP or earlier specification 5W-40 lubricant.","Excellent fluidity at low temperature.
Lower fuel consumption and CO2 emissions.
Outstanding engine cleanliness and durability.
Long drain interval
Reduced power-robbing friction across engine speeds and conditions"
197,Aminol™ MaxPro 0W-40 SP,"Aminol™ MaxPro 0W-40 SP is a universal, high-performance fuel-saving engine oil engineered for the latest gasoline and diesel engine technologies, providing excellent all-round performance. Formulated with carefully selected base stocks and unique additive technology, it delivers exceptional wear protection and engine cleanliness",AL/EO-0013,aminoltm-maxpro-0w-40-sp,SP,Not available,A3/B4,Not available,Not available,"BMW Longlife-01
MB 229.3 / 229.5
VW 502.00 / 505.00",,,2025-05-24 08:25:01.215+00,,1,4,"","Aminol™ MaxPro 0W-40 SP is suitable for use in automotive petrol and diesel vehicles where the manufacturer recommends an ACEA A3/B4, API SP or earlier specification 0W-40 lubricant.","Excellent fluidity at low temperature.
Lower fuel consumption and CO2 emissions.
Outstanding engine cleanliness and durability.
Long drain interval
Reduced power-robbing friction across engine speeds and conditions"
199,Aminol™ Ultra Plus 5W-40 SN/C3,Aminol™ Ultra Plus 5W-40 SN/C3 is a high-grade motor oil formulated for ultimate performance and protection under all operating conditions. It has been designed to fulfill the latest standards of leading engine manufacturers.,AL/EO-0015,aminoltm-ultra-plus-5w-40-snc3,SN,Not available,C3,Not available,MB 229.31/229.51,"Fiat 9.55535-GH2
Fiat 9.55535-S2
Ford WSS-M2C917-A
GM dexos2
Renault RN 0700/0710",,,2025-05-24 08:25:01.227+00,,1,15,"","Aminol™ Ultra Plus 5W-40 SN/C3 is suitable for use in automotive gasoline and diesel vehicles where the manufacturer recommends: ACEA C3, API SN.","Avoids fuel overconsumption
Reduces the formation of combustion ashes
Provides exceptionally high temperature stability
Ensures excellent dispersion and detergency properties
Makes cold starting easier
Delivers outstanding protection against corrosion, wear and foam"
204,Aminol™ Ultra Dynamic 5W-30  SP/C3,"Aminol™ Ultra Dynamic 5W-30  SP/C3 is a full synthetic engine oil designed to deliver multi-effect protection for engines operating under complex road conditions, offering instant protection amidst fluctuating all-day operational scenarios. It excels in safeguarding against sludge, engine rust, and corrosion, while ensuring optimal viscosity and fluidity across a wide temperature range.",AL/EO-0020,aminoltm-ultra-dynamic-5w-30-spc3,SP,Not available,C3,Not available,"BMW Longlife-04
MB 229.31/229.51/229.52
Opel OV 040 1547 - G30/D30
Porsche C30
VW 504.00/507.00","GM dexos 2
Renault RN  0700 / 0710
PSA B71 2290
PSA B71 2297
Ford WSS-M2C917-A
Fiat 9.55535-S3",,,2025-05-24 08:25:01.271+00,,1,14,"","Aminol™ Ultra Dynamic 5W-30  SP/C3 is suitable for use in automotive gasoline and diesel engines where the manufacturer recommends an ACEA C3, API SP, or earlier specification 5W-30 lubricant. It is fully compatible with vehicles fitted with Diesel Particulate Filters (DPF), Gasoline Particulate Filters (GPF), Three-Way Catalytic Converter (TWC), and other aftertreatment devices.","Exceptional engine cleanliness
Outstanding wear resistance
Extended engine service life
Seamless engine operation
Optimal stability against aging
Decreases pollutant emissions
Immediate lubrication after a cold start
Lowered fuel consumption"
208,Aminol™ OptiMax 5W-30 C4,"Aminol™ OptiMax 5W-30 C4 is a high-technology, multigrade engine oil specially formulated to meet the superior performance and fuel efficiency requirements of modern diesel and gasoline engines, both with and without turbochargers. It is compatible with engine units featuring sensitive diesel particulate filters (DPFs) and 3-way catalysts (TWC).",AL/EO-0024,aminoltm-optimax-5w-30-c4,Not available,Not available,C4,Not available,"MB 226.51/229.51
Renault RN0720
Fiat 9.55535-S4",Not available,,,2025-05-24 08:25:01.302+00,,1,14,"",Aminol™ OptiMax 5W-30 C4 is suitable for use in automotive gasoline and diesel engines where the manufacturer recommends an ACEA C4 5W-30 lubricant.,"Provides exceptional protection under various driving conditions and temperatures
Maximizes both short and long-term engine performance
Independently qualified to enhance engine efficiency
Minimizes engine deposits to optimize engine response"
209,Aminol™ Super SPG1 5W-30 SN/CF,"Aminol™ Super SPG1 5W-30 SN/CF is a high-tech low-friction engine oil based on synthetic technology. It has specially been designed to keep the engine running like new by providing exceptional wear protection, cleaning power and overall performance.",AL/EO-0025,aminoltm-super-spg1-5w-30-sncf,SN/CF,Not available,A3/B4,Not available,"MB 229.3 
VW 502.00/505.00
Renault RN 0700/0710",Not available,,,2025-05-24 08:25:01.309+00,,1,14,"","Aminol™ Super SPG1 5W-30 SN/CF is suitable for use in automotive gasoline and diesel vehicles where the manufacturer recommends: ACEA A3/B4, API SN/CF.","Outstanding engine cleanliness
Exceptional thermal stability and oxidation resistance 
Sustained engine component protection 
Optimized fuel consumption
Minimized harmful exhaust emissions"
212,Aminol™ Super SPG4 5W-20 SN/CF,"Aminol™ Super SPG4 5W-20 SN/CF is a high-tech low-friction engine oil based on synthetic technology. It has specially been designed to keep the engine running like new by providing exceptional wear protection, cleaning power and overall performance.",AL/EO-0028,aminoltm-super-spg4-5w-20-sncf,SN/CF,GF-5,Not available,Not available,"Chrysler MS-6395
Ford WSS-M2C 930-A
Ford WSS-M2C 945-A
GM dexos1 Gen 2",Not available,,,2025-05-24 08:25:01.337+00,,1,13,"","Aminol™ Super SPG4 5W-20 SN/CF is suitable for use in automotive gasoline and diesel vehicles where the manufacturer recommends: ACEA A3/B4, API SN/CF.","Outstanding engine cleanliness
Exceptional thermal stability and oxidation resistance 
Sustained engine component protection 
Optimized fuel consumption
Minimized harmful exhaust emissions"
215,Aminol™ Super SPG7 0W-40 SN/CF,"Aminol™ Super SPG7 0W-40 is a high-tech low-friction engine oil based on synthetic technology. It has specially been designed to keep the engine running like new by providing exceptional wear protection, cleaning power and overall performance.",AL/EO-0031,aminoltm-super-spg7-0w-40-sncf,SN/CF,Not available,A3/B4,Not available,"MB 229.3 /229.5
Porsche A40
VW 502.00/505.00 
Ford WSS-M2C 937-A",Not available,,,2025-05-24 08:25:01.361+00,,1,4,product/SPG7-4L.jpg,"Aminol™ Super SPG7 0W-40 SN/CF is suitable for use in automotive gasoline and diesel vehicles where the manufacturer recommends: ACEA A3/B4, API SN/CF.","Outstanding engine cleanliness
Exceptional thermal stability and oxidation resistance 
Sustained engine component protection 
Optimized fuel consumption
Minimized harmful exhaust emissions"
216,Aminol™ Super SPG8 10W-60 SN/CF,"Aminol™ Super SPG8 10W-60 is a high-tech low-friction engine oil based on synthetic technology. It has specially been designed to keep the engine running like new by providing exceptional wear protection, cleaning power and overall performance.",AL/EO-0032,aminoltm-super-spg8-10w-60-sncf,SN/CF,Not available,A3/B4,Not available,Not available,"BMW Longlife-01
MB 229.3
VW 501.00/505.00",,,2025-05-24 08:25:01.368+00,,1,9,"","Aminol™ Super SPG8 10W-60 SN/CF is suitable for use in automotive gasoline and diesel vehicles where the manufacturer recommends: ACEA A3/B4, API SN/CF.","Outstanding engine cleanliness
Exceptional thermal stability and oxidation resistance 
Sustained engine component protection 
Optimized fuel consumption
Minimized harmful exhaust emissions"
219,Aminol™ Super LPG 10W-40,"Aminol™ Super LPG 10W-40 is a superior-quality motor oil specifically designed for gas (VNG, LPG) and bi-fuel-powered engines. Its unique formulation ensures consistent performance, purity, and unmatched protection across various operating conditions.",AL/EO-0035,aminoltm-super-lpg-10w-40,SN/CF,Not available,A3/B4,Not available,"MB 229.3 
VW 501.01/505.00",Not available,,,2025-05-24 08:25:01.384+00,,1,8,"","Aminol™ Super LPG 10W-40 is recommended for use in all high performance modern passenger cars, operated with LPG.","Improved thermal stability for high-temperature conditions 
Extended protection against engine wear and deposits
Safeguards the engine during startup
Contributes to sludge prevention
High oxidation resistance and long service life"
222,Aminol™ Premium PMG3 10W-40 SL/CF,"Aminol™ Premium PMG3 10W-40 SL/CF is a universal high-performance engine oil with particularly good dirt-suspending and cleaning power. It has been engineered to ensure the greatest lubricating film stability, ideal oil pressure and maximum wear protection even under critical conditions.",AL/EO-0038,aminoltm-premium-pmg3-10w-40-slcf,SL/CF,Not available,Not available,Not available,"MB 229.1
VW 501.01/505.00",Not available,,,2025-05-24 08:25:01.401+00,,1,8,"",Aminol™ Premium PMG3 10W-40 SL/CF is suitable for use in automotive gasoline and diesel vehicles where the manufacturer recommends:  API SL/CF.,"Superior thermal and oxidation stability
Outstanding wear and deposit control
Excellent detergent/dispersant properties
Instant lubrication after cold start
Steadfast oil drain intervals
Favorable viscosity range
Confident corrosion protection"
223,Aminol™ Premium PMG4 10W-30 SL/CF,"Aminol™ Premium PMG4 10W-30 SL/CF is a universal high-performance engine oil with particularly good dirt-suspending and cleaning power. It has been engineered to ensure the greatest lubricating film stability, ideal oil pressure and maximum wear protection even under critical conditions.",AL/EO-0039,aminoltm-premium-pmg4-10w-30-slcf,SL/CF,Not available,Not available,Not available,"MB 229.1
VW 501.01/505.00",Not available,,,2025-05-24 08:25:01.408+00,,1,7,product/SUPER_SLG1-4L_tpsUe9N.png,Aminol™ Premium PMG4 10W-30 SL/CF is suitable for use in automotive gasoline and diesel vehicles where the manufacturer recommends:  API SL/CF.,"Superior thermal and oxidation stability
Outstanding wear and deposit control
Excellent detergent/dispersant properties
Instant lubrication after cold start
Steadfast oil drain intervals
Favorable viscosity range
Confident corrosion protection"
224,Aminol™ Premium PMG5 5W-40 SL/CF,"Aminol™ Premium PMG5 5W-40 SL/CF is a universal high-performance engine oil with particularly good dirt-suspending and cleaning power. It has been engineered to ensure the greatest lubricating film stability, ideal oil pressure and maximum wear protection even under critical conditions.",AL/EO-0040,aminoltm-premium-pmg5-5w-40-slcf,SL/CF,Not available,Not available,Not available,"MB 229.3 
VW 502.00/505.00 
Renault RN 0700/0710",Not available,,,2025-05-24 08:25:01.413+00,,1,15,"",Aminol™ Premium PMG5 5W-40 SL/CF is suitable for use in automotive gasoline and diesel vehicles where the manufacturer recommends:  API SL/CF.,"Superior thermal and oxidation stability
Outstanding wear and deposit control
Excellent detergent/dispersant properties
Instant lubrication after cold start
Steadfast oil drain intervals
Favorable viscosity range
Confident corrosion protection"
228,Aminol™ Classic CS5 15W-40 SF/CC,"Aminol™ Classic CS5 15W-40 SF/CC is a superior-quality mineral engine lubricant that offers dependable protection across a diverse range of operating conditions. Formulated with a precise blend of detergents and dispersants, this lubricant effectively minimizes the formation of sludge and deposits, maintains alkalinity, and reduces wear.",AL/EO-0044,aminoltm-classic-cs5-15w-40-sfcc,SF/CC,Not available,Not available,Not available,Not available,Not available,,,2025-05-24 08:25:01.443+00,,1,15,"","Aminol™ Classic CS5 15W-40 SF/CC is suitable for carburetor gasoline and naturally aspirated diesel engines in cars, light trucks, and vans, where a lubricant meeting API SF/CC (or earlier specifications) is required.","Excellent maintenance of engine cleanliness.
Effective protection against wear and corrosion.
Extended intervals between oil changes.
Minimal oil consumption.
Reduced inventory costs for mixed fleet management"
229,Aminol™ Classic CS6 20W-50 SF/CC,"Aminol™ Classic CS6 20W-50 SF/CC is a superior-quality mineral engine lubricant that offers dependable protection across a diverse range of operating conditions. Formulated with a precise blend of detergents and dispersants, this lubricant effectively minimizes the formation of sludge and deposits, maintains alkalinity, and reduces wear.",AL/EO-0045,aminoltm-classic-cs6-20w-50-sfcc,SF/CC,Not available,Not available,Not available,Not available,Not available,,,2025-05-24 08:25:01.452+00,,1,12,"","Aminol™ Classic CS6 20W-50 SF/CC is suitable for carburetor gasoline and naturally aspirated diesel engines in cars, light trucks, and vans, where a lubricant meeting API SF/CC (or earlier specifications) is required.","Excellent maintenance of engine cleanliness.
Effective protection against wear and corrosion.
Extended intervals between oil changes.
Minimal oil consumption.
Reduced inventory costs for mixed fleet management"
234,Aminol™ Turbo T-46,"Aminol™ Turbo T-46 is a high performance turbine oil developed for use in gas and steam turbines operating under mild conditions.  Its formulation integrates carefully selected base stocks along with the latest additive technology to ensure oxidation stability, rust protection, excellent air release and rapid water separation capabilities.",AL/TR-0002,aminoltm-turbo-t-46,Not available,Not available,Not available,Not available,"GEK 28143B & 46506E
JIS K 2213
Siemens TLV 9013 04 (non-EP)
DIN 51515 Part I
ASTM D4304-06A Type I
AIST 120/125
British Standard BS489",Not available,,,2025-05-24 08:25:01.499+00,,11,,"","Industrial steam turbines and light-duty gas turbines that do not require enhanced anti-wear performance for the gearbox. 
Hydroelectric turbine lubrication
Numerous applications where strong control over rust and oxidation is required
Centrifugal and axial dynamic turbo-compressors and pumps, where an R&O type or turbine oil is advisable","High thermal and oxidation stability
Favourable rust and corrosion control 
Prolonged oil lifetime 
Excellent air release
Good filterability
Compatible with seals and gaskets
Low foaming tendency"
250,Aminol™ Quench Oil 150,"Aminol™ Quenching Oil 150 is a high-quality quenching fluid designed for the heat treatment of ferrous metals across various quenching processes. Crafted to facilitate deep and uniform hardening, it minimizes distortion and cracking, ensuring a smooth surface finish.",AL/QO-0005,aminoltm-quench-oil-150,Not available,Not available,Not available,Not available,"ISO 6743-14 L-UHA
ISO 6743-14 L-UHB",Not available,,,2025-05-24 08:25:01.693+00,,17,,"","Aminol™ Quenching Oil 150 is recommended for the conventional and fast quenching of ferrous metals, such as carbon steel, gray iron, and alloy steel.","Controlled cooling rate to minimize cracking and distortion
Achieves a good surface finish
Demonstrates excellent oxidation resistance and thermal stability
Low volatility reduces oil loss through vaporization"
251,Aminol™ Quench Oil 220,"Aminol™ Quenching Oil 220 is a high-quality quenching fluid designed for the heat treatment of ferrous metals across various quenching processes. Crafted to facilitate deep and uniform hardening, it minimizes distortion and cracking, ensuring a smooth surface finish.",AL/QO-0006,aminoltm-quench-oil-220,Not available,Not available,Not available,Not available,"ISO 6743-14 L-UHA
ISO 6743-14 L-UHB",Not available,,,2025-05-24 08:25:01.706+00,,17,,"","Aminol™ Quenching Oil 220 is recommended for the conventional and fast quenching of ferrous metals, such as carbon steel, gray iron, and alloy steel.","Controlled cooling rate to minimize cracking and distortion
Achieves a good surface finish
Demonstrates excellent oxidation resistance and thermal stability
Low volatility reduces oil loss through vaporization"
252,Aminol™ Quench Oil 320,"Aminol™ Quenching Oil 320 is a high-quality quenching fluid designed for the heat treatment of ferrous metals across various quenching processes. Crafted to facilitate deep and uniform hardening, it minimizes distortion and cracking, ensuring a smooth surface finish.",AL/QO-0007,aminoltm-quench-oil-320,Not available,Not available,Not available,Not available,"ISO 6743-14 L-UHA
ISO 6743-14 L-UHB",Not available,,,2025-05-24 08:25:01.713+00,,17,,"","Aminol™ Quenching Oil 320 is recommended for the conventional and fast quenching of ferrous metals, such as carbon steel, gray iron, and alloy steel.","Controlled cooling rate to minimize cracking and distortion
Achieves a good surface finish
Demonstrates excellent oxidation resistance and thermal stability
Low volatility reduces oil loss through vaporization"
253,Aminol™ Mototech 2T,"Aminol™ Mototech 2T is a premium 2-stroke  motorcycle oil formulated with a high-performance, low ash additive package to ensure remarkable protection against scuffing and wear, promote internal cleanliness, and contribute to extended engine lifespan. It is recommended for various applications, including conventional pre-mix fuel/oil and oil injection lubricated engines.",AE/ML-0001,aminoltm-mototech-2t,TC,Not available,Not available,FD,"ISO L-EGD
TISI (Thailand International Standards Institute)",Not available,,,2025-05-24 08:25:01.72+00,,3,6,product/MOTOTECH_2T_OUTBOARD-4L1.png,"Aminol™ Mototech 2T can be used in air-cooled and water-cooled 2-stroke engines, accommodating both separate and mixed lubrication. During mixed lubrication, it is crucial to observe the specified mixing ratio according to the engine manufacturer's guidelines.","Effortless fuel mixing
Exceptional wear protection
Safeguarding against engine and exhaust system deposits
Consistent ignition system performance
Minimal smoke emission"
256,Aminol™ Mototech 4T 15W-40,"Aminol™ Mototech 4T 15W-40 is an advanced 4-stroke motorcycle oil designed to deliver ultimate performance and protection of the engine even in extreme operating conditions.  Its unique formulation incorporates high-quality base stocks and performance-boosting additives to provide optimum lubrication, outstanding engine cleanliness, excellent friction and minimum wear.",AE/ML-0004,aminoltm-mototech-4t-15w-40,SN,Not available,Not available,MA2,Not available,Not available,,,2025-05-24 08:25:01.756+00,,3,15,product/MOTOTECH_4T_15W40-1L1.png,"Aminol™ Mototech 4T 10W-30 is suitable for high-performance, air, and water-cooled four-stroke motorcycles, whether equipped with or without a wet clutch. It is also ideal for motorcycles with exhaust after-treatment systems such as catalytic converters or secondary air injection","Protects against wear, deposits, and sludge
Extends engine life and improves performance
Maintains cleanliness and reduces oil consumption
Ensures superior performance in varied temperatures"
257,Aminol™ Mototech 4T 15W-50,"Aminol™ Mototech 4T 15W-50 is an advanced 4-stroke motorcycle oil designed to deliver ultimate performance and protection of the engine even in extreme operating conditions.  Its unique formulation incorporates high-quality base stocks and performance-boosting additives to provide optimum lubrication, outstanding engine cleanliness, excellent friction and minimum wear.",AE/ML-0005,aminoltm-mototech-4t-15w-50,SN,Not available,Not available,MA2,Not available,Not available,,,2025-05-24 08:25:01.766+00,,3,11,product/MOTOTECH_4T_15W50-1L3.png,"Aminol™ Mototech 4T 10W-30 is suitable for high-performance, air, and water-cooled four-stroke motorcycles, whether equipped with or without a wet clutch. It is also ideal for motorcycles with exhaust after-treatment systems such as catalytic converters or secondary air injection","Protects against wear, deposits, and sludge
Extends engine life and improves performance
Maintains cleanliness and reduces oil consumption
Ensures superior performance in varied temperatures"
258,Aminol™ Mototech 4T 20W-50,"Aminol™ Mototech 4T 20W-50 is an advanced 4-stroke motorcycle oil designed to deliver ultimate performance and protection of the engine even in extreme operating conditions.  Its unique formulation incorporates high-quality base stocks and performance-boosting additives to provide optimum lubrication, outstanding engine cleanliness, excellent friction and minimum wear.",AE/ML-0006,aminoltm-mototech-4t-20w-50,SN,Not available,Not available,MA2,Not available,Not available,,,2025-05-24 08:25:01.772+00,,3,12,product/MOTOTECH_4T_20W50-1L1.png,"Aminol™ Mototech 4T 10W-30 is suitable for high-performance, air, and water-cooled four-stroke motorcycles, whether equipped with or without a wet clutch. It is also ideal for motorcycles with exhaust after-treatment systems such as catalytic converters or secondary air injection","Protects against wear, deposits, and sludge
Extends engine life and improves performance
Maintains cleanliness and reduces oil consumption
Ensures superior performance in varied temperatures"
259,Aminol™ ScootForce 2T,"Aminol™ ScootForce 2T is a high-performance, low-smoke 2-stroke engine oil developed specifically for contemporary scooters. It's formulated using carefully chosen base stocks and an advanced additive package, ensuring a consistently smooth and stable ride",AE/ML-0007,aminoltm-scootforce-2t,TC,Not available,Not available,FD,ISO L-EGD,Not available,,,2025-05-24 08:25:01.778+00,,3,6,"","Aminol™ ScootForce 2T can be used in air-cooled and water-cooled 2-stroke engines, accommodating both separate and mixed lubrication. During mixed lubrication, it is crucial to observe the specified mixing ratio according to the engine manufacturer's guidelines.","Good corrosion protection
High wear resistance
Residue-free combustion
High thermal stability
'Low smoke' formulation
Reduced deposits on piston rings, outlet ports, and spark plugs
Multi-functional application possibilities"
261,Aminol™ ScootForce 4T 10W-40,Aminol™ ScootForce 4T 10W-40 is an advanced motor oil designed for 4-stroke scooters featuring a dry clutch and separately lubricated transmission. It has been engineered to deliver exceptional performance and protection across various operating conditions.,AE/ML-0009,aminoltm-scootforce-4t-10w-40,SN,Not available,Not available,MB,Not available,Not available,,,2025-05-24 08:25:01.789+00,,3,8,product/SCOOTFORCE_4T_10W401.png,Aminol™ ScootForce 4T 10W-40 is recommended for use in air and water-cooled 4-stroke engines exposed to normal to tough operating conditions.,"Outstanding thermo-oxidative stability
Exceptional anti-wear, anti-rust, and anti-corrosion properties
Superb fuel economy and improved drivability
Impressive dispersancy and detergency
Superior shear stability
Remarkable low-temperature behavior
Low-volatility characteristics"
262,Aminol™ ScootForce 4T 15W-40,Aminol™ ScootForce 4T 15W-40 is an advanced motor oil designed for 4-stroke scooters featuring a dry clutch and separately lubricated transmission. It has been engineered to deliver exceptional performance and protection across various operating conditions.,AE/ML-0010,aminoltm-scootforce-4t-15w-40,SN,Not available,Not available,MB,Not available,Not available,,,2025-05-24 08:25:01.796+00,,3,15,product/SCOOTFORCE_4T_15W40-2.png,Aminol™ ScootForce 4T 15W-40 is recommended for use in air and water-cooled 4-stroke engines exposed to normal to tough operating conditions.,"Outstanding thermo-oxidative stability
Exceptional anti-wear, anti-rust, and anti-corrosion properties
Superb fuel economy and improved drivability
Impressive dispersancy and detergency
Superior shear stability
Remarkable low-temperature behavior
Low-volatility characteristics"
